name,value,area,age,distance,bath_toilet_separated,autolock
アーバンプレイス荻窪,5.1,12,9,10,1,1
ＪＲ中央線 荻窪駅 2階建 築9年,5.1,12,9,10,1,1
アーバンプレイス荻窪,5.1,12,9,10,1,1
ＪＲ総武線 荻窪駅 2階建 築9年,5.1,12,9,10,1,1
アーバンプレイス荻窪,5.1,11,9,10,1,1
ＪＲ中央線 荻窪駅 3階建 築28年,5.9,16.8,28,7,0,1
メゾン・ド・上荻,4,14.46,40,7,0,0
エトワール石神井,5.6,23.59,25,9,1,0
La Perla Ogikubo,8.3,20.79,3,6,1,1
ＪＲ中央線 荻窪駅 4階建 築3年,8.3,20.79,3,6,1,1
ＪＲ中央線 荻窪駅 4階建 築3年,8.3,20.79,3,6,1,1
La Perla Ogikubo 101号室,8,21.25,3,6,1,1
ＪＲ中央線 荻窪駅 4階建 築3年,8,21.25,3,6,1,1
ＪＲ中央線 荻窪駅 4階建 築3年,7.8,19.55,3,6,1,1
La Perla Ogikubo 104号室,7.8,19.55,3,6,1,1
ＪＲ中央線 荻窪駅 4階建 築3年,8.3,20.79,3,6,1,1
ＪＲ中央線 荻窪駅 4階建 築3年,8,21.25,3,6,1,1
La Perla Ogikubo 101号室,8,21.25,3,6,1,1
La Perla Ogikubo,8,21.25,3,6,1,1
La Perla Ogikubo,8,21.25,3,6,1,1
ＰＡＳＥＯ荻窪 102号室,10.1,25.38,1,10,1,1
ＰＡＳＥＯ荻窪 102号室,10.1,25.38,1,10,1,1
ＪＲ中央線 荻窪駅 4階建 築1年,10.1,25.38,1,10,1,1
ＪＲ中央線 荻窪駅 4階建 新築,10.1,25.38,0,10,1,1
ＪＲ中央線 荻窪駅 4階建 新築,10.1,25.38,0,10,1,1
ＪＲ中央線 荻窪駅 4階建 新築,10.1,25.31,0,10,1,1
ＪＲ中央線 荻窪駅 4階建 新築,10.1,25.31,0,10,1,1
ＰＡＳＥＯ荻窪 101号室,10.1,25.27,1,10,1,1
ＪＲ中央線 荻窪駅 4階建 築1年,10.1,25.27,1,10,1,1
ＰＡＳＥＯ荻窪 101号室,10.1,25.27,1,10,1,1
ＪＲ中央線 荻窪駅 4階建 新築,10.1,25.27,0,10,1,1
ＪＲ中央線 荻窪駅 4階建 新築,10.1,25.27,0,10,1,1
ＪＲ中央線 荻窪駅 4階建 新築,10.2,25.7,0,10,1,1
ＰＡＳＥＯ荻窪 403号室,10.2,25.7,1,10,1,1
ＪＲ中央線 荻窪駅 4階建 築1年,10.2,25.7,1,10,1,1
ＪＲ中央線 荻窪駅 4階建 築1年,10.2,25.7,1,10,1,1
ＰＡＳＥＯ荻窪 204号室,10.2,25.7,1,10,1,1
ＰＡＳＥＯ荻窪 403号室,10.2,25.7,1,10,1,1
ＰＡＳＥＯ荻窪 204号室,10.2,25.7,1,10,1,1
PASEO荻窪 204号室,10.2,25.38,0,10,1,1
ＪＲ中央線 荻窪駅 4階建 新築,10.2,25.38,0,10,1,1
ＪＲ中央線 荻窪駅 4階建 新築,10.2,25.38,0,10,1,1
La Perla Ogikubo 104号室,7.8,19.55,3,6,1,1
La Perla Ogikubo,7.8,19.55,3,6,1,1
La Perla Ogikubo,7.8,19.55,3,6,1,1
ＪＲ中央線 荻窪駅 4階建 築3年,7.8,19.55,3,6,1,1
ＪＲ中央線 荻窪駅 4階建 新築,10.3,25.7,0,10,1,1
ＪＲ中央線 荻窪駅 4階建 築1年,10.3,25.7,1,10,1,1
ＰＡＳＥＯ荻窪 304号室,10.3,25.7,1,10,1,1
ＰＡＳＥＯ荻窪 304号室,10.3,25.7,1,10,1,1
ＪＲ中央線 荻窪駅 4階建 新築,10.3,25.7,0,10,1,1
ＪＲ中央線 荻窪駅 4階建 新築,10.3,25.38,0,10,1,1
ＪＲ中央線 荻窪駅 4階建 新築,10.3,25.38,0,10,1,1
ＰＡＳＥＯ荻窪 203号室,10.3,25.31,1,10,1,1
ＰＡＳＥＯ荻窪 203号室,10.3,25.31,1,10,1,1
ＪＲ中央線 荻窪駅 4階建 新築,10.3,25.31,0,10,1,1
ＪＲ中央線 荻窪駅 4階建 築1年,10.3,25.31,1,10,1,1
PASEO荻窪 203号室,10.3,25.31,0,10,1,1
ＰＡＳＥＯ荻窪 401号室,10.3,25.27,1,10,1,1
ＰＡＳＥＯ荻窪 401号室,10.3,25.27,1,10,1,1
ＪＲ中央線 荻窪駅 4階建 築1年,10.3,25.27,1,10,1,1
ＪＲ中央線 荻窪駅 4階建 新築,10.3,25.27,0,10,1,1
ＪＲ中央線 荻窪駅 4階建 新築,10.3,25.27,0,10,1,1
ＪＲ中央線 荻窪駅 3階建 築2年,6.5,13.81,2,8,0,1
ＪＲ中央線 荻窪駅 4階建 新築,10.4,25.38,0,10,1,1
ＰＡＳＥＯ荻窪 202号室,10.4,25.38,1,10,1,1
ＰＡＳＥＯ荻窪 202号室,10.4,25.38,1,10,1,1
ＪＲ中央線 荻窪駅 4階建 新築,10.4,25.38,0,10,1,1
ＪＲ中央線 荻窪駅 4階建 新築,10.4,25.38,0,10,1,1
ＪＲ中央線 荻窪駅 4階建 築1年,10.4,25.38,1,10,1,1
PASEO荻窪 202号室,10.4,25.38,0,10,1,1
ＪＲ中央線 荻窪駅 4階建 築1年,10.4,25.31,1,10,1,1
ＪＲ中央線 荻窪駅 4階建 新築,10.4,25.31,0,10,1,1
ＰＡＳＥＯ荻窪 303号室,10.4,25.31,1,10,1,1
ＰＡＳＥＯ荻窪 303号室,10.4,25.31,1,10,1,1
PASEO荻窪 201号室,10.4,25.27,0,10,1,1
ＪＲ中央線 荻窪駅 4階建 新築,10.4,25.27,0,10,1,1
ＰＡＳＥＯ荻窪 201号室,10.4,25.27,1,10,1,1
ＪＲ中央線 荻窪駅 4階建 築1年,10.4,25.27,1,10,1,1
ＰＡＳＥＯ荻窪 201号室,10.4,25.27,1,10,1,1
ＪＲ中央線 荻窪駅 4階建 築1年,10.5,25.38,1,10,1,1
ＰＡＳＥＯ荻窪 302号室,10.5,25.38,1,10,1,1
ＰＡＳＥＯ荻窪 302号室,10.5,25.38,1,10,1,1
ＪＲ中央線 荻窪駅 4階建 新築,10.5,25.38,0,10,1,1
ＰＡＳＥＯ荻窪 301号室,10.5,25.27,1,10,1,1
ＰＡＳＥＯ荻窪 301号室,10.5,25.27,1,10,1,1
ＪＲ中央線 荻窪駅 4階建 新築,10.5,25.27,0,10,1,1
ＪＲ中央線 荻窪駅 4階建 築1年,10.5,25.27,1,10,1,1
ＪＲ中央線 荻窪駅 4階建 築13年,7.1,17.4,13,6,1,1
ＪＲ中央線 荻窪駅 4階建 築13年,7.1,17.4,13,6,1,1
ＪＲ中央線 荻窪駅 4階建 築13年,7.1,17.4,13,6,1,1
テラス天沼,7.7,19.87,23,7,1,0
ＪＲ中央線 荻窪駅 4階建 新築,10.1,25.38,0,10,1,1
ＪＲ中央線 荻窪駅 4階建 新築,10.1,25.31,0,10,1,1
ＪＲ中央線 荻窪駅 4階建 新築,10.1,25.31,0,10,1,1
ＪＲ中央線 荻窪駅 4階建 新築,10.1,25.27,0,10,1,1
ＪＲ中央線 荻窪駅 4階建 新築,10.2,25.38,0,10,1,1
ＪＲ中央線 荻窪駅 4階建 新築,10.2,25.38,0,10,1,1
ＪＲ中央線 荻窪駅 4階建 新築,10.2,25.38,0,10,1,1
ＪＲ中央線 荻窪駅 4階建 新築,10.3,25.38,0,10,1,1
ＪＲ中央線 荻窪駅 4階建 新築,10.3,25.38,0,10,1,1
ＪＲ中央線 荻窪駅 4階建 新築,10.3,25.27,0,10,1,1
ＪＲ中央線 荻窪駅 4階建 新築,10.3,25.27,0,10,1,1
ＪＲ中央線 荻窪駅 4階建 新築,10.4,25.38,0,10,1,1
ＪＲ中央線 荻窪駅 4階建 新築,10.4,25.38,0,10,1,1
ＪＲ中央線 荻窪駅 4階建 新築,10.4,25.31,0,10,1,1
ＪＲ中央線 荻窪駅 4階建 新築,10.4,25.27,0,10,1,1
ＪＲ中央線 荻窪駅 4階建 新築,10.5,25.38,0,10,1,1
ＪＲ中央線 荻窪駅 4階建 新築,10.5,25.27,0,10,1,1
ＪＲ中央線 荻窪駅 4階建 築13年,7.1,17.4,13,6,1,1
アジュール荻窪,5.8,10.35,3,5,0,0
アジュール荻窪,5.8,10.35,3,5,0,0
アジュール荻窪,5.8,10.35,3,5,0,0
アジュール荻窪,5.8,10.35,3,5,0,0
アジュール荻窪,5.8,10.35,3,5,0,0
アジュール荻窪,5.8,10.35,3,5,0,0
アジュール荻窪,5.8,10.35,3,5,0,0
アジュール荻窪,5.8,10.35,3,5,0,0
アジュール荻窪,5.8,10.35,3,5,0,0
アジュール荻窪,5.8,10.35,3,5,0,0
ＪＲ中央線 荻窪駅 2階建 築3年,5.8,10.35,3,5,0,1
アーバンプレイス荻窪,5.1,12,9,10,1,1
アーバンプレイス荻窪,5.1,12,9,10,1,1
ＪＲ中央線 荻窪駅 2階建 築3年,5.5,10.35,3,5,0,1
ＪＲ総武線 荻窪駅 2階建 築23年,7.7,19.87,23,4,1,0
ＪＲ総武線 荻窪駅 2階建 築23年,7.7,19.87,23,4,1,0
ＪＲ中央線 荻窪駅 2階建 築3年,5.8,10.35,3,5,0,1
ＪＲ総武線 荻窪駅 2階建 築29年,7.7,19.87,29,7,1,0
スパシエグランス荻窪 1002号室,8.9,25.46,2,13,1,1
ＪＲ中央線 荻窪駅 11階建 築2年,8.9,25.46,2,13,1,1
ＪＲ中央線 荻窪駅 11階建 築4年,11.5,27.36,4,5,1,1
ＪＲ中央線 荻窪駅 地下1地上3階建 築29年,5.9,16.8,29,8,0,1
ＪＲ中央線 荻窪駅 3階建 築28年,5.9,16.8,28,7,0,1
ＪＲ中央線 荻窪駅 3階建 築28年,5.9,16.8,28,7,0,1
ＪＲ中央線 荻窪駅 2階建 築29年,7.7,19.87,29,4,1,0
ＪＲ中央線 荻窪駅 2階建 築29年,7.7,19.87,29,4,1,0
ベルハイムおぎくぼ 206号室,5.8,16,27,10,0,0
ＪＲ中央線 荻窪駅 3階建 築28年,5.9,16.8,28,7,0,1
ＪＲ中央線 荻窪駅 4階建 築28年,6.2,19.2,28,6,0,1
マイステージ荻窪 106号室,6.2,19.2,28,6,0,1
マイステージ荻窪 106号室,6.2,19.2,28,4,0,1
ＪＲ総武線 荻窪駅 2階建 築32年,7.6,25,32,5,0,0
ＪＲ中央線 荻窪駅 2階建 築27年,5.3,17.52,27,11,1,0
ＪＲ中央線 荻窪駅 2階建 築27年,5.3,17.52,27,11,1,0
ＪＲ中央線 荻窪駅 5階建 築33年,5,16.5,33,8,0,0
マイステージ荻窪,6.2,19.2,28,4,0,1
ＪＲ中央線 荻窪駅 4階建 築28年,6.2,19.2,28,4,0,1
ＪＲ中央線 荻窪駅 4階建 築28年,6.2,19.2,28,4,0,1
ＪＲ中央線 荻窪駅 地下1地上3階建 築30年,5.5,15.58,30,4,0,1
ＪＲ中央線 荻窪駅 地下1地上3階建 築30年,5.5,15.58,30,4,0,1
ＪＲ中央線 荻窪駅 地下1地上3階建 築30年,5.5,15.58,30,4,0,1
シティパーク荻窪,5.1,16,31,5,0,0
ＪＲ総武線 荻窪駅 5階建 築36年,7.9,26.6,36,3,1,0
スカイコートエクセレント荻窪,5.9,16.8,33,3,0,1
スカイコートエクセレント荻窪,5.9,16.8,33,2,0,1
ＪＲ中央線 荻窪駅 11階建 築33年,5.9,16.8,33,3,0,1
パールハイツ,6.8,20.5,26,15,0,0
メゾン・ド・セレナード,4.8,13.5,34,5,0,0
ＪＲ中央線 荻窪駅 4階建 築40年,4,14.46,40,7,0,0
ＪＲ中央線 荻窪駅 2階建 築46年,8,24.76,46,5,1,0
MステージB棟,8,24.76,46,5,1,0
メゾン・ド・荻窪,4.6,11.44,40,6,0,0
ＪＲ中央線 荻窪駅 4階建 築40年,4,14.46,40,7,0,0
ＪＲ中央線 荻窪駅 2階建 築45年,5,15,45,3,1,0
ヴィラエミール,6,20.7,32,20,1,0
ハーモニーテラス高井戸東,5.9,10.5,2,16,0,0
ＪＲ中央線 西荻窪駅 2階建 築30年,6.8,22.31,30,25,1,0
グランシャリオ石神井,10.7,36.44,10,22,1,1
クアルト上井草,4.4,15.9,35,15,0,0
西武新宿線 上井草駅 4階建 築35年,4.4,15.9,35,15,0,0
ビクセル武蔵関,5.2,17.08,28,20,0,1
ビクセル武蔵関,5.2,17.01,28,20,0,1
ビクセル武蔵関,5.2,17.01,28,20,0,1
ＪＲ中央線 荻窪駅 3階建 築3年,9.8,27.1,3,8,1,1
ＪＲ中央線 荻窪駅 4階建 新築,10.1,25.38,0,10,1,1
ＰＡＳＥＯ荻窪 102号室,10.1,25.38,0,10,1,1
ＪＲ中央線 荻窪駅 4階建 新築,10.1,25.31,0,10,1,1
ＰＡＳＥＯ荻窪 103号室,10.1,25.31,0,10,1,1
ＪＲ中央線 荻窪駅 4階建 新築,10.1,25.27,0,10,1,1
ＰＡＳＥＯ荻窪 101号室,10.1,25.27,0,10,1,1
ＰＡＳＥＯ荻窪 403号室,10.2,25.7,0,10,1,1
ＪＲ中央線 荻窪駅 4階建 新築,10.2,25.7,0,10,1,1
ＰＡＳＥＯ荻窪 204号室,10.2,25.7,0,10,1,1
ＪＲ中央線 荻窪駅 4階建 新築,10.2,25.31,0,10,1,1
ＪＲ中央線 荻窪駅 4階建 築3年,8.3,20.79,3,6,1,1
ＪＲ中央線 荻窪駅 4階建 築3年,8.3,20.79,3,6,1,1
La Perla Ogikubo,8.3,20.79,3,6,1,1
ＪＲ中央線 荻窪駅 4階建 築3年,8.3,20.79,3,6,1,1
Ｌａ Perla Ogikubo 301号室,8.3,20.79,3,6,1,1
ＪＲ中央線 荻窪駅 4階建 築3年,8.3,20.79,3,6,1,1
La Perla Ogikubo,8.3,20.79,3,6,1,1
ＪＲ中央線 荻窪駅 4階建 新築,10.3,25.7,0,10,1,1
ＰＡＳＥＯ荻窪 304号室,10.3,25.7,0,10,1,1
ＰＡＳＥＯ荻窪 203号室,10.3,25.31,0,10,1,1
ＪＲ中央線 荻窪駅 4階建 新築,10.3,25.31,0,10,1,1
ＪＲ中央線 荻窪駅 4階建 新築,10.3,25.27,0,10,1,1
ＰＡＳＥＯ荻窪 401号室,10.3,25.27,0,10,1,1
ＪＲ中央線 荻窪駅 4階建 築3年,8.4,20.54,3,6,1,1
ＪＲ中央線 荻窪駅 4階建 新築,10.4,25.38,0,10,1,1
ＰＡＳＥＯ荻窪 202号室,10.4,25.38,0,10,1,1
ＪＲ中央線 荻窪駅 4階建 新築,10.4,25.31,0,10,1,1
ＰＡＳＥＯ荻窪 303号室,10.4,25.31,0,10,1,1
ＰＡＳＥＯ荻窪 201号室,10.4,25.27,0,10,1,1
ＪＲ中央線 荻窪駅 4階建 新築,10.4,25.27,0,10,1,1
ＰＡＳＥＯ荻窪 302号室,10.5,25.38,0,10,1,1
ＪＲ中央線 荻窪駅 4階建 新築,10.5,25.38,0,10,1,1
ＰＡＳＥＯ荻窪 301号室,10.5,25.27,0,10,1,1
ＪＲ中央線 荻窪駅 4階建 新築,10.5,25.27,0,10,1,1
Ｌａ　Ｐｅｒｌａ　Ｏｇｉｋｕｂｏ 101号室,8,21.25,3,6,1,1
La Perla Ogikubo,8,21.25,3,6,1,1
Ｌａ Perla Ogikubo 101号室,8,21.25,3,6,1,1
ＪＲ中央線 荻窪駅 4階建 築3年,8,21.25,3,6,1,1
ＪＲ中央線 荻窪駅 4階建 築3年,8,21.25,3,6,1,1
Ｌａ　Ｐｅｒｌａ　Ｏｇｉｋｕｂｏ 101号室,8,21.25,3,6,1,1
La Perla Ogikubo 101号室,8,21.25,3,6,1,1
ＪＲ中央線 荻窪駅 4階建 築3年,8,21.25,3,6,1,1
東京メトロ丸ノ内線 荻窪駅 5階建 築3年,8,21.25,3,6,1,1
La Perla Ogikubo,8,21.25,3,6,1,1
ＪＲ中央線 荻窪駅 4階建 築3年,7.8,19.55,3,6,1,1
La Perla Ogikubo,7.8,19.55,3,6,1,1
ＪＲ中央線 荻窪駅 4階建 築3年,7.8,19.55,3,6,1,1
ＪＲ中央線 荻窪駅 4階建 築3年,7.8,19.55,3,6,1,1
La Perla Ogikubo 104号室,7.8,19.55,3,6,1,1
東京メトロ丸ノ内線 荻窪駅 5階建 築3年,7.8,19.55,3,6,1,1
ＪＲ中央線 荻窪駅 4階建 築3年,7.8,19.55,3,6,1,1
ＪＲ中央線 荻窪駅 4階建 築3年,7.8,19.55,3,6,1,1
ＪＲ中央線 荻窪駅 4階建 築3年,7.8,19.55,3,6,1,1
ＪＲ中央線 荻窪駅 4階建 築3年,7.8,19.55,3,6,1,1
VOLT南荻窪,9.8,27.1,3,5,1,1
ＪＲ総武線 荻窪駅 3階建 築3年,9.8,27.1,3,5,1,1
ＪＲ総武線 荻窪駅 3階建 築2年,6.5,13.81,2,8,0,1
フェリーチェ荻窪II 302号室,6.5,13.81,2,8,0,1
フェリーチェ荻窪II,6.5,13.81,2,8,1,1
フェリーチェ荻窪II,6.5,13.81,2,8,1,1
フェリーチェ荻窪II 302号室,6.5,13.81,2,8,0,1
ＪＲ総武線 荻窪駅 3階建 築2年,6.5,13.81,2,8,0,1
フェリーチェ荻窪II,6.5,13.81,2,8,1,1
フェリーチェ荻窪II,6.5,13.81,2,8,1,1
フェリーチェ荻窪II 302号室,6.5,13.81,2,8,0,1
フェリーチェ荻窪II,6.5,13.81,2,8,1,1
フェリーチェ荻窪II,6.5,13.81,2,8,1,1
フェリーチェ荻窪II 302号室,6.5,13.81,2,8,0,1
フェリーチェ荻窪II,6.5,13.81,2,8,1,1
フェリーチェ荻窪II 302号室,6.5,13.81,2,8,0,1
フェリーチェ荻窪II 302号室,6.5,13.81,2,8,0,1
ＪＲ総武線 荻窪駅 3階建 築2年,6.5,13.81,2,8,0,1
フェリーチェ荻窪II 302号室,6.5,13.81,2,8,0,1
フェリーチェ荻窪II,6.5,13.81,2,8,1,1
フェリーチェ荻窪II,6.5,13.81,2,8,1,1
フェリーチェ荻窪II 302号室,6.5,13.81,2,8,0,1
フェリーチェ荻窪II,6.5,13.81,2,8,1,1
フェリーチェ荻窪II 302号室,6.5,13.81,2,8,0,1
フェリーチェ荻窪II 302号室,6.5,13.81,2,8,0,1
東京メトロ丸ノ内線 荻窪駅 3階建 築2年,6.5,13.81,2,8,1,1
フェリーチェ荻窪II 302号室,6.5,13.81,2,8,0,1
オーパスワン荻窪,7.8,22.6,4,5,1,0
ＪＲ中央線 荻窪駅 2階建 築4年,7.8,22.6,4,5,1,0
PASEO荻窪,10.1,25.38,0,10,1,1
PASEO荻窪,10.1,25.38,0,10,1,1
ＪＲ中央線 荻窪駅 4階建 築1年,10.1,25.38,1,10,1,1
ＪＲ中央線 荻窪駅 4階建 築1年,10.1,25.38,1,10,1,1
ＪＲ中央線 荻窪駅 4階建 新築,10.1,25.38,0,10,1,1
ＪＲ中央線 荻窪駅 4階建 築1年,10.1,25.38,1,10,1,1
ＰＡＳＥＯ荻窪 102号室,10.1,25.38,1,10,1,1
ＪＲ中央線 荻窪駅 4階建 新築,10.1,25.38,0,10,1,1
PASEO荻窪,10.1,25.31,0,10,1,1
PASEO荻窪,10.1,25.31,0,10,1,1
ＪＲ中央線 荻窪駅 4階建 新築,10.1,25.31,0,10,1,1
ＪＲ中央線 荻窪駅 4階建 新築,10.1,25.31,0,10,1,1
ＰＡＳＥＯ荻窪 103号室,10.1,25.31,1,10,1,1
ＪＲ中央線 荻窪駅 4階建 新築,10.1,25.31,0,10,1,1
PASEO荻窪,10.1,25.27,0,10,1,1
PASEO荻窪,10.1,25.27,0,10,1,1
ＰＡＳＥＯ荻窪 101号室,10.1,25.27,1,10,1,1
ＪＲ中央線 荻窪駅 4階建 新築,10.1,25.27,0,10,1,1
ＪＲ中央線 荻窪駅 4階建 築1年,10.1,25.27,1,10,1,1
ＪＲ中央線 荻窪駅 4階建 築1年,10.1,25.27,1,10,1,1
ＪＲ中央線 荻窪駅 4階建 築1年,10.1,25.27,1,10,1,1
ＪＲ中央線 荻窪駅 4階建 新築,10.1,25.27,0,10,1,1
ＴＭＴ,7.5,19.87,3,5,1,1
ブローヒュース,6.7,17.7,8,7,1,0
ＢＲＡ　ＨＵＳ 103号室,6.7,17.7,8,7,1,0
ＪＲ中央線 荻窪駅 2階建 築8年,6.7,17.7,8,7,1,0
BRA　HUS,6.7,17.7,8,7,1,0
ＪＲ中央線 荻窪駅 4階建 築1年,10.2,25.7,1,10,1,1
ＰＡＳＥＯ荻窪 204号室,10.2,25.7,1,10,1,1
ＪＲ中央線 荻窪駅 4階建 築1年,10.2,25.7,1,10,1,1
ＪＲ中央線 荻窪駅 4階建 築1年,10.2,25.7,1,10,1,1
ＪＲ中央線 荻窪駅 4階建 新築,10.2,25.7,0,10,1,1
ＪＲ中央線 荻窪駅 4階建 築1年,10.2,25.7,1,10,1,1
ＪＲ中央線 荻窪駅 4階建 築1年,10.2,25.7,1,10,1,1
ＪＲ中央線 荻窪駅 4階建 築1年,10.2,25.7,1,10,1,1
ＪＲ中央線 荻窪駅 4階建 新築,10.2,25.7,0,10,1,1
ＰＡＳＥＯ荻窪 403号室,10.2,25.7,1,10,1,1
PASEO荻窪,10.2,25.38,0,10,1,1
PASEO荻窪,10.2,25.38,0,10,1,1
PASEO荻窪 403号室,10.2,25.38,0,10,1,1
ＪＲ中央線 荻窪駅 4階建 新築,10.2,25.38,0,10,1,1
ＪＲ中央線 荻窪駅 4階建 築1年,10.2,25.38,1,10,1,1
PASEO荻窪 204号室,10.2,25.38,1,10,1,1
ＪＲ中央線 荻窪駅 4階建 新築,10.2,25.38,0,10,1,1
ＪＲ中央線 荻窪駅 4階建 築1年,10.3,25.7,1,10,1,1
ＰＡＳＥＯ荻窪 304号室,10.3,25.7,1,10,1,1
ＪＲ中央線 荻窪駅 4階建 新築,10.3,25.7,0,10,1,1
ＪＲ中央線 荻窪駅 4階建 築1年,10.3,25.7,1,10,1,1
ＪＲ中央線 荻窪駅 4階建 築1年,10.3,25.7,1,10,1,1
ＪＲ中央線 荻窪駅 4階建 新築,10.3,25.7,0,10,1,1
ＪＲ中央線 荻窪駅 4階建 新築,10.3,25.38,0,10,1,1
PASEO荻窪 304号室,10.3,25.38,1,10,1,1
ＪＲ中央線 荻窪駅 4階建 新築,10.3,25.38,0,10,1,1
PASEO荻窪,10.3,25.31,0,10,1,1
PASEO荻窪,10.3,25.31,0,10,1,1
ＪＲ中央線 荻窪駅 4階建 築1年,10.3,25.31,1,10,1,1
ＪＲ中央線 荻窪駅 4階建 築1年,10.3,25.31,1,10,1,1
ＰＡＳＥＯ荻窪 203号室,10.3,25.31,1,10,1,1
ＪＲ中央線 荻窪駅 4階建 築1年,10.3,25.31,1,10,1,1
PASEO荻窪 203号室,10.3,25.31,1,10,1,1
ＪＲ中央線 荻窪駅 4階建 新築,10.3,25.31,0,10,1,1
ＪＲ中央線 荻窪駅 4階建 新築,10.3,25.27,0,10,1,1
ＪＲ中央線 荻窪駅 4階建 築1年,10.3,25.27,1,10,1,1
ＪＲ中央線 荻窪駅 4階建 新築,10.3,25.27,0,10,1,1
ＪＲ中央線 荻窪駅 4階建 築1年,10.3,25.27,1,10,1,1
ＪＲ中央線 荻窪駅 4階建 新築,10.3,25.27,0,10,1,1
ＪＲ中央線 荻窪駅 4階建 築1年,10.3,25.27,1,10,1,1
PASEO荻窪 401号室,10.3,25.27,1,10,1,1
ＰＡＳＥＯ荻窪 401号室,10.3,25.27,1,10,1,1
エムステージB棟 101号室,8,27,14,5,0,0
MステージB棟 101号室,8,24.76,14,5,1,0
ＪＲ中央線 荻窪駅 2階建 築14年,8,24.76,14,5,1,0
ＰＡＳＥＯ荻窪 204号室,10.4,25.38,1,10,1,1
ＪＲ中央線 荻窪駅 4階建 新築,10.4,25.38,0,10,1,1
ＪＲ中央線 荻窪駅 4階建 築1年,10.4,25.38,1,10,1,1
ＪＲ中央線 荻窪駅 4階建 新築,10.4,25.38,0,10,1,1
PASEO荻窪 202号室,10.4,25.38,1,10,1,1
ＰＡＳＥＯ荻窪 202号室,10.4,25.38,1,10,1,1
ＪＲ中央線 荻窪駅 4階建 築1年,10.4,25.38,1,10,1,1
ＪＲ中央線 荻窪駅 4階建 築1年,10.4,25.38,1,10,1,1
ＰＡＳＥＯ荻窪 303号室,10.4,25.31,1,10,1,1
PASEO荻窪 303号室,10.4,25.31,1,10,1,1
ＪＲ中央線 荻窪駅 4階建 築1年,10.4,25.31,1,10,1,1
ＪＲ中央線 荻窪駅 4階建 新築,10.4,25.31,0,10,1,1
ＪＲ中央線 荻窪駅 4階建 築1年,10.4,25.31,1,10,1,1
ＪＲ中央線 荻窪駅 4階建 築1年,10.4,25.31,1,10,1,1
ＪＲ中央線 荻窪駅 4階建 新築,10.4,25.31,0,10,1,1
ＪＲ中央線 荻窪駅 4階建 新築,10.4,25.31,0,10,1,1
PASEO荻窪,10.4,25.27,0,10,1,1
PASEO荻窪,10.4,25.27,0,10,1,1
ＰＡＳＥＯ荻窪 201号室,10.4,25.27,1,10,1,1
ＪＲ中央線 荻窪駅 4階建 築1年,10.4,25.27,1,10,1,1
PASEO荻窪 201号室,10.4,25.27,1,10,1,1
ＪＲ中央線 荻窪駅 4階建 築1年,10.4,25.27,1,10,1,1
ＰＡＳＥＯ荻窪 201号室,10.4,25.27,1,10,1,1
ＪＲ中央線 荻窪駅 4階建 新築,10.4,25.27,0,10,1,1
ＪＲ中央線 荻窪駅 4階建 新築,10.4,25.27,0,10,1,1
ＪＲ中央線 荻窪駅 4階建 築1年,10.4,25.27,1,10,1,1
ＪＲ中央線 荻窪駅 4階建 築1年,10.5,25.38,1,10,1,1
PASEO荻窪 302号室,10.5,25.38,1,10,1,1
ＪＲ中央線 荻窪駅 4階建 新築,10.5,25.38,0,10,1,1
ＪＲ中央線 荻窪駅 4階建 築1年,10.5,25.38,1,10,1,1
ＪＲ中央線 荻窪駅 4階建 新築,10.5,25.38,0,10,1,1
ＰＡＳＥＯ荻窪 302号室,10.5,25.38,1,10,1,1
ＪＲ中央線 荻窪駅 4階建 築1年,10.5,25.38,1,10,1,1
ＪＲ中央線 荻窪駅 4階建 新築,10.5,25.38,0,10,1,1
ＪＲ中央線 荻窪駅 4階建 新築,10.5,25.27,0,10,1,1
ＪＲ中央線 荻窪駅 4階建 新築,10.5,25.27,0,10,1,1
ＰＡＳＥＯ荻窪 301号室,10.5,25.27,1,10,1,1
ＪＲ中央線 荻窪駅 4階建 築1年,10.5,25.27,1,10,1,1
PASEO荻窪 301号室,10.5,25.27,1,10,1,1
ＪＲ中央線 荻窪駅 4階建 築1年,10.5,25.27,1,10,1,1
ＪＲ中央線 荻窪駅 4階建 築1年,10.5,25.27,1,10,1,1
ライオンズシティ荻窪,8.6,23.67,23,4,1,1
ＪＲ中央線 荻窪駅 4階建 築13年,7.1,17.4,13,6,1,1
ＪＲ総武線 荻窪駅 3階建 築3年,9.8,27.1,3,5,1,1
ＪＲ総武線 荻窪駅 3階建 築12年,6.3,13.89,12,4,1,0
キャトルセゾン,7,21.5,12,5,1,0
ＪＲ中央線 荻窪駅 4階建 築29年,6.6,18.92,29,9,0,1
ＪＲ総武線 荻窪駅 11階建 築2年,8.9,25.46,2,13,1,1
ＪＲ中央線 荻窪駅 2階建 築3年,5.2,10.83,3,10,0,1
ＪＲ中央線 荻窪駅 2階建 築3年,5.2,10.83,3,10,0,1
マンション恵,6.7,18.23,26,9,1,0
ファミール桃井,5,11.25,22,10,0,0
ＪＲ中央線 荻窪駅 7階建 築29年,7.4,27.18,29,9,0,1
ＪＲ総武線 荻窪駅 3階建 築24年,7.6,24.29,24,5,0,0
ＪＲ総武線 荻窪駅 3階建 築24年,7.6,24.29,24,5,0,0
ＪＲ総武線 荻窪駅 2階建 築27年,6,14.4,27,10,0,0
クレヴィアリグゼ荻窪,11.5,27.36,4,5,1,1
ＪＲ中央線 荻窪駅 11階建 築4年,11.5,27.36,4,5,1,1
クレヴィアリグゼ荻窪 505号室,11.5,27.36,4,5,1,1
クレヴィアリグゼ荻窪,11.5,27.36,4,5,1,1
マンション恵,6.7,18.5,26,7,1,0
ＪＲ総武線 荻窪駅 3階建 築32年,7.6,25,32,9,0,0
ASUKAII-A,5.2,12.25,30,9,0,0
ASUKAII-A,5.2,12.25,30,9,0,0
コーボルト,5.5,18.54,30,8,0,0
ASUKAII-A,4.7,12.25,30,9,0,0
ASUKAII-A,4.7,12.25,30,9,0,0
コンフォートテラス荻窪 0101号室,5.8,12.64,5,12,1,1
プラティーク荻窪,6.2,16.17,32,10,0,1
プラティーク荻窪,6.1,16.17,32,10,0,1
プラウドフラット荻窪2,14.7,39.11,10,6,1,1
プラウドフラット荻窪2,14.7,39.11,10,6,1,1
ベルハイムおぎくぼ,5.8,18,27,10,0,0
ＪＲ中央線 荻窪駅 4階建 築28年,6.2,19.2,28,6,0,1
ＪＲ中央線 荻窪駅 4階建 築28年,6.2,19.2,28,6,0,1
ツルタビル,6,17,25,4,0,1
コーボルト,5.5,18.54,30,8,0,0
コーボルト,5.5,18.54,30,8,0,0
コーボルト,5.5,18.54,30,8,0,0
コーボルト,5.5,18.54,30,8,0,0
コーボルト,5.5,18.54,30,8,0,0
コーボルト,5.5,18.54,30,8,0,0
コーボルト,5.5,18.54,30,8,0,0
コーボルト,5.5,18.54,30,8,0,0
コーボルト,5.5,18.54,30,8,0,0
メゾンドモナーク 201号室,5.6,13,29,10,0,0
ＪＲ中央線 荻窪駅 2階建 築28年,5.2,16,28,10,1,0
ＪＲ中央線 荻窪駅 2階建 築28年,5.2,16,28,10,1,0
ＪＲ中央線 荻窪駅 2階建 築37年,5.5,16.2,37,9,0,0
メゾンユー,5.4,12,29,10,0,0
メゾンユー 101号室,5.4,12,29,10,0,0
コーラルパレス,5.5,15.58,30,4,0,1
ＪＲ中央線 荻窪駅 4階建 築28年,6.2,19.2,28,4,0,1
ＪＲ中央線 荻窪駅 4階建 築28年,6.2,19.2,28,4,0,1
ＪＲ中央線 荻窪駅 4階建 築28年,6.2,19.2,28,4,0,1
ＪＲ中央線 荻窪駅 4階建 築28年,6.2,19.2,28,4,0,1
マイステージ荻窪,6.2,19.2,28,4,0,1
ＪＲ中央線 荻窪駅 4階建 築28年,6.2,19.2,28,4,0,1
マイステージ荻窪,6.2,19.2,28,4,0,1
マイステージ荻窪,6.2,19.2,28,4,0,1
ＪＲ総武線 荻窪駅 4階建 築28年,6.2,19.2,28,4,0,1
ＪＲ中央線 荻窪駅 3階建 築28年,5.9,16.8,28,11,0,1
ＪＲ中央線 荻窪駅 3階建 築36年,5.5,12,36,7,0,0
ハイムコスモ,5.5,12,36,7,0,0
ＰＡＳＥＯ荻窪 402号室,15.9,39.07,1,10,0,1
ハウスコウノトリ,7.8,23.18,46,9,1,0
ＪＲ中央線 荻窪駅 5階建 築37年,7.9,26.6,37,3,1,0
ＪＲ中央線 荻窪駅 2階建 築5年,5.8,12.64,5,15,1,1
スカイコート荻窪第２ 404号室,5.2,16.44,33,8,0,0
スカイコート荻窪第２ 404号室,5.2,16.44,33,8,0,0
スカイコート荻窪第２ 404号室,5.2,16.44,33,8,0,0
スカイコート荻窪第２ 404号室,5.2,16.44,33,8,0,0
スカイコート荻窪第２ 404号室,5.2,16.44,33,8,0,0
ＪＲ中央線 荻窪駅 5階建 築33年,5.2,16.44,33,8,0,0
スカイコート荻窪第２ 404号室,5.2,16.44,33,8,0,0
スカイコート荻窪第２,5.2,16.44,33,8,0,0
スカイコート荻窪第2,5.2,16.44,33,8,0,0
スカイコート荻窪II,5.2,16.44,33,8,0,0
ＪＲ中央線 荻窪駅 5階建 築33年,5.2,16.44,33,8,0,0
スカイコート荻窪第２ 404号室,5.2,16.44,33,8,0,0
スカイコート荻窪第２ 404号室,5.2,16.44,33,8,0,0
スカイコート荻窪第2,5.2,16.44,33,8,0,0
スカイコート荻窪第２ 404号室,5.2,16.44,33,8,0,0
スカイコート荻窪第２ 404号室,5.2,16.44,33,8,0,0
スカイコート荻窪第２,5.2,16.44,33,8,0,0
スカイコート荻窪第２ 404号室,5.2,16.44,33,8,0,0
スカイコート荻窪第２ 404号室,5.2,16.44,33,8,0,0
スカイコート荻窪第２ 404号室,5.2,16.44,33,8,0,0
ＪＲ中央線 荻窪駅 5階建 築33年,5,16.5,33,8,0,0
スカイコート荻窪第２,5,16.5,33,8,0,0
スカイコート荻窪第２,5,16.5,33,8,0,0
ＪＲ中央線 荻窪駅 5階建 築33年,5,16.5,33,8,0,0
ハイムコスモ 202号室,5.5,12,36,8,0,0
ＪＲ中央線 荻窪駅 3階建 築36年,5.5,12,36,8,0,0
スカイコート荻窪第２ 404号室,5.2,16.44,33,10,0,0
スカイコート荻窪第２ 404号室,5.2,16.44,33,10,0,0
プラーズ南荻窪 105号室,6.3,17,38,5,0,0
ＪＲ中央線 荻窪駅 地下1地上3階建 築30年,5.5,15.58,30,4,0,1
シティパーク荻窪,5.3,16,31,5,0,0
ＪＲ中央線 荻窪駅 4階建 築36年,4.7,13.47,36,9,0,1
ＪＲ中央線 荻窪駅 2階建 築31年,5.1,16,31,5,1,0
ＩＮＮ荻窪,4.9,13.19,33,10,0,0
ドゥエル荻窪,7.9,26.6,36,3,1,0
ドゥエル荻窪 303号室,7.9,26.6,36,3,1,0
ドゥエル荻窪 303号室,7.9,26.6,36,3,1,0
ＪＲ中央線 荻窪駅 5階建 築36年,7.9,26.6,36,3,1,1
ドゥエル荻窪,7.9,26.6,36,3,1,0
ドゥエル荻窪 303号室,7.9,26.6,36,3,1,0
ドゥエル荻窪 303号室,7.9,26.6,36,3,1,0
ドゥエル荻窪 303号室,7.9,26.6,36,3,1,0
ドゥエル荻窪 303号室,7.9,26.6,36,3,1,0
ＪＲ総武線 荻窪駅 5階建 築36年,7.9,26.6,36,3,1,0
ＯＲＡＮＧＥ,9.4,32,3,16,1,1
学生専用チェルシーハウス荻窪 202号室,5.5,9.5,28,12,1,0
学生専用チェルシーハウス荻窪 202号室,5.5,9.5,28,12,1,0
コンフォートテラス荻窪 101号室,5.8,12.64,5,15,0,1
ＪＲ中央線 荻窪駅 2階建 築45年,8,24.76,45,5,1,0
ＪＲ中央線 荻窪駅 3階建 築36年,5.5,12,36,6,0,0
ＪＲ中央線 荻窪駅 3階建 築36年,5.5,12,36,6,0,0
メゾン・ド・ラック,4.7,13.47,37,8,0,0
ＪＲ中央線 荻窪駅 4階建 築37年,4.7,13.47,37,8,0,0
フィオーレ長島 302号室,5,16.38,35,6,0,0
メゾン・ド・荻窪,4.5,12.11,40,7,0,0
ＪＲ中央線 荻窪駅 3階建 築49年,7,18,49,8,1,0
ＪＲ中央線 荻窪駅 3階建 築49年,7,18,49,8,1,0
プラーズ南荻窪 105号室,6.3,17,38,5,0,0
プラーズ南荻窪 105号室,6.3,17,38,5,0,0
メゾン・ド・セレナード,4.8,13.5,34,5,0,0
ライフピア荻窪,4.7,11.47,34,5,0,0
ＪＲ中央線 荻窪駅 9階建 築33年,5.9,16.8,33,2,1,1
ＪＲ中央線 荻窪駅 9階建 築33年,5.9,16.8,33,2,1,1
ＪＲ中央線 荻窪駅 4階建 築40年,4,14.46,40,7,0,0
メゾン・ド・上荻,4.4,15.5,40,6,0,0
メゾン・ド・上荻,4.4,15.5,40,6,0,0
第２コーポ石原,6,17.82,27,15,0,1
ＪＲ中央線 荻窪駅 4階建 築45年,7.5,27.5,45,3,1,0
グローリア荻窪,5.8,18.11,34,1,0,0
ＪＲ総武線 荻窪駅 3階建 築40年,4.5,12.11,40,7,0,0
ＪＲ中央線 荻窪駅 3階建 築49年,7,18,49,8,1,0
ＪＲ中央線 荻窪駅 5階建 築35年,5.7,16.1,35,1,0,0
ＪＲ総武線 荻窪駅 5階建 築35年,5.7,16.1,35,1,0,0
ＪＲ中央線 荻窪駅 4階建 築45年,7.5,27.5,45,4,1,0
ＪＲ中央線 荻窪駅 4階建 築45年,7.5,27.5,45,4,1,0
ＪＲ中央線 荻窪駅 4階建 築45年,7.5,27.5,45,4,1,0
ＪＲ中央線 荻窪駅 4階建 築45年,7.5,27.5,45,4,1,0
ＪＲ中央線 荻窪駅 2階建 築27年,5,15,27,14,1,0
ＪＲ中央線 荻窪駅 2階建 築27年,5,15,27,14,1,0
ＪＲ中央線 荻窪駅 2階建 築27年,5,15,27,14,1,0
ＪＲ中央線 荻窪駅 2階建 築27年,5,15,27,14,1,0
メゾン・ド・荻窪,4.6,11.44,40,6,0,0
メゾン・ド・荻窪,4.6,11.44,40,6,0,0
メゾン・ド・上荻,4,14.46,40,7,0,0
ＪＲ中央線 荻窪駅 4階建 築40年,4,14.46,40,7,0,0
メゾン・ド・上荻,4,14.46,40,7,0,0
メゾン・ド・上荻,4,14.46,40,7,0,0
ＪＲ総武線 荻窪駅 4階建 築40年,4.4,15.5,40,6,0,0
ＪＲ中央線 荻窪駅 4階建 築40年,4.4,15.5,40,6,0,0
テイジン荻窪スカイレジテル,5,15.41,36,2,0,0
鈴木ビル,7.7,26.33,43,16,1,0
ハイムひまわり,7,21.06,22,20,1,0
ヴィラエミール,6,20.25,32,18,1,0
ヴェルユニット 201号室,5,14,30,18,0,0
ＪＲ中央線 荻窪駅 2階建 築47年,2.3,9.2,47,6,0,0
久保寺様方,7,21.5,40,16,1,0
ＪＲ中央線 荻窪駅 2階建 築7年,7.6,21.76,7,23,1,0
サンシャイン荻窪,7.6,21.76,7,23,1,0
ＪＲ中央線 荻窪駅 2階建 築7年,7.6,21.76,7,23,1,0
OnCo荻窪 1号室,13.43,31.52,43,13,1,0
ヴィラエミール,6,20.7,32,20,1,0
メゾン小林,6,16.61,53,18,0,0
サンクレール高井戸,8.4,28,17,22,1,1
サンクレール高井戸,8.4,28,17,22,1,1
サンクレール高井戸,8.5,28,17,22,1,1
サンクレール高井戸,8.5,28,17,22,1,1
アイオン西荻窪,8.1,19.13,2,24,1,1
アイオン西荻窪,8.1,19.13,2,24,1,1
ＪＲ中央線 西荻窪駅 5階建 築2年,8.1,19.13,2,21,1,1
フォレスト阿佐ヶ谷,6.3,15,15,11,0,0
フォレスト阿佐ヶ谷,6.3,15,15,11,0,0
グリーンコート井草,6.5,18,2,34,1,0
ポーラスター,8,24.21,9,18,1,0
フェリスクラリティー,5.7,9.96,2,29,0,1
東京メトロ丸ノ内線 南阿佐ヶ谷駅 2階建 築9年,8,24.21,9,20,1,0
ＪＲ中央線 阿佐ヶ谷駅 5階建 築13年,10,22.56,13,15,1,1
ＤＣ阿佐ヶ谷,6.8,15.01,2,14,1,0
B・Growth荻窪,5.2,10.83,3,10,1,1
アクシア西荻窪 105号室,11.9,35.85,11,23,1,1
アクシア西荻窪 105号室,11.9,35.85,11,23,1,1
フェリオ鷺宮 205号室,10.9,44.59,4,19,1,0
メゾン・ド・カナ,6,19.24,23,14,0,0
ＪＲ中央線 西荻窪駅 2階建 築28年,6.4,19.87,28,25,1,0
ＪＲ中央線 西荻窪駅 5階建 築11年,11.9,35.85,11,24,1,1
ＪＲ中央線 西荻窪駅 5階建 築11年,11.9,35.85,11,24,1,1
ＪＲ中央線 西荻窪駅 2階建 築28年,6.2,19.87,28,25,1,0
グランシャリオ石神井,9.8,30.03,10,22,1,1
NEST2 205号室,7.7,25,21,7,1,0
スカイコート西荻窪第２,6.8,19.58,23,27,1,1
ＪＲ中央線 阿佐ヶ谷駅 3階建 築31年,6.5,18.7,31,15,0,1
東京メトロ丸ノ内線 南阿佐ヶ谷駅 2階建 築27年,5.3,17.52,27,11,0,0
グレイスヴィラ,5.3,17.52,27,11,0,0
ＪＲ中央線 西荻窪駅 3階建 築21年,7.7,25,21,24,1,0
ＪＲ中央線 西荻窪駅 3階建 築21年,7.7,25,21,24,1,0
シティコート富士見台,4.2,15.6,31,19,0,0
東京メトロ丸ノ内線 南阿佐ヶ谷駅 2階建 築27年,5.3,17.52,27,11,0,0
アムス富士見台,4.6,19.87,32,17,0,0
グローリア初穂阿佐ヶ谷,6,16.65,31,20,0,1
西武新宿線 井荻駅 2階建 築30年,5.6,20.03,30,28,1,0
Ｈeight　Ｃhagall,5.3,16.2,28,22,0,0
西武新宿線 上井草駅 3階建 築29年,3.9,17.3,29,14,0,1
ＪＲ中央線 西荻窪駅 4階建 築35年,6.9,19.8,35,23,0,0
セゾン・ド・星野,5.8,19.8,32,19,0,0
木村ハイム,7,20,25,18,0,0
ビクセル武蔵関,4.8,17.85,28,20,0,1
ビクセル武蔵関,4.8,17.85,28,20,0,1
ビクセル武蔵関,4.8,17.85,28,20,0,1
ハイツ未来,4.7,17.5,25,26,0,0
パールハイム 302号室,5.8,24.2,42,8,0,1
メゾン・ヴァンセーヌ 103号室,6,20.5,29,13,0,0
ファミール西荻,5.8,17,30,23,0,0
ＪＲ中央線 西荻窪駅 4階建 築37年,4.9,15.27,37,20,0,0
メゾン・ド・スィエール,4.9,15.27,37,23,0,0
メゾン・ド・スィエール,4.9,15.27,37,23,0,0
西武新宿線 井荻駅 4階建 築35年,3.9,13.27,35,7,1,0
西武池袋線 富士見台駅 3階建 築30年,3.9,17,30,43,0,0
ＪＲ中央線 荻窪駅 3階建 築13年,8,25,13,9,1,0
ブランシェ荻窪III 101号室,9.6,25.27,0,9,1,1
ブランシェ荻窪III 101号室,9.6,25.27,0,9,1,1
サンパレス,8.2,35.5,20,9,1,0
ブランシェ荻窪II 0204号室,9.8,25.08,0,9,0,1
ＪＲ中央線 荻窪駅 4階建 新築,10.1,25.38,0,9,1,1
PASEO荻窪 102号室,10.1,25.38,0,9,1,1
ＰＡＳＥＯ荻窪 102号室,10.1,25.38,0,9,1,1
ＪＲ中央線 荻窪駅 4階建 新築,10.1,25.38,0,9,1,1
PASEO荻窪 103号室,10.1,25.31,0,9,1,1
ＪＲ中央線 荻窪駅 4階建 新築,10.1,25.31,0,9,1,1
ＪＲ中央線 荻窪駅 4階建 新築,10.1,25.31,0,9,1,1
ＰＡＳＥＯ荻窪 103号室,10.1,25.31,0,9,1,1
ＪＲ中央線 荻窪駅 4階建 新築,10.1,25.27,0,9,1,1
PASEO荻窪 101号室,10.1,25.27,0,9,1,1
ＪＲ中央線 荻窪駅 4階建 新築,10.1,25.27,0,9,1,1
ラ・ペルラ荻窪,9.5,25.09,3,8,1,1
PASEO荻窪 204号室,10.2,25.7,0,9,1,1
PASEO荻窪 403号室,10.2,25.7,0,9,1,1
ＪＲ中央線 荻窪駅 4階建 新築,10.2,25.7,0,9,1,1
ＪＲ中央線 荻窪駅 4階建 新築,10.2,25.7,0,9,1,1
ＪＲ中央線 荻窪駅 4階建 新築,10.2,25.7,0,9,1,1
PASEO荻窪 304号室,10.3,25.7,0,9,1,1
ＪＲ中央線 荻窪駅 4階建 新築,10.3,25.7,0,9,1,1
ＪＲ中央線 荻窪駅 4階建 新築,10.3,25.7,0,9,1,1
PASEO荻窪 202号室,10.3,25.38,0,9,1,1
ＪＲ中央線 荻窪駅 4階建 新築,10.3,25.31,0,9,1,1
PASEO荻窪 203号室,10.3,25.31,0,9,1,1
PASEO荻窪 401号室,10.3,25.27,0,9,1,1
ＪＲ中央線 荻窪駅 4階建 新築,10.3,25.27,0,9,1,1
ＰＡＳＥＯ荻窪 401号室,10.3,25.27,0,9,1,1
ＪＲ中央線 荻窪駅 4階建 新築,10.3,25.27,0,9,1,1
ＪＲ中央線 荻窪駅 4階建 新築,10.4,25.38,0,9,1,1
ＪＲ中央線 荻窪駅 4階建 新築,10.4,25.38,0,9,1,1
PASEO荻窪 303号室,10.4,25.31,0,9,1,1
ＪＲ中央線 荻窪駅 4階建 新築,10.4,25.31,0,9,1,1
ＪＲ中央線 荻窪駅 4階建 新築,10.4,25.31,0,9,1,1
ＪＲ中央線 荻窪駅 4階建 新築,10.4,25.27,0,9,1,1
PASEO荻窪 201号室,10.4,25.27,0,9,1,1
ＪＲ中央線 荻窪駅 4階建 新築,10.4,25.27,0,9,1,1
PASEO荻窪 302号室,10.5,25.38,0,9,1,1
ＪＲ中央線 荻窪駅 4階建 新築,10.5,25.38,0,9,1,1
ＪＲ中央線 荻窪駅 4階建 新築,10.5,25.27,0,9,1,1
ＪＲ中央線 荻窪駅 4階建 新築,10.5,25.27,0,9,1,1
PASEO荻窪 301号室,10.5,25.27,0,9,1,1
カノープス桃井,8,21.2,11,10,0,1
ＪＲ中央線 荻窪駅 5階建 築11年,7.9,21.2,11,10,0,0
カノープス桃井,7.9,21.2,11,10,0,1
カノープス桃井,7.9,20,11,10,0,1
フェリーチェ荻窪II,6.5,13.81,2,8,1,1
SOU荻窪,9.4,26.2,4,10,1,1
ＪＲ中央線 荻窪駅 5階建 築4年,9.4,26.2,4,10,1,1
ＪＲ中央線 荻窪駅 5階建 築4年,9.4,26.2,4,10,1,1
ＪＲ中央線 荻窪駅 2階建 築13年,8,24.75,13,6,1,0
ＪＲ中央線 荻窪駅 2階建 築13年,8,24.75,13,6,1,0
ＪＲ中央線 荻窪駅 2階建 築13年,8,24.75,13,6,1,0
ＪＲ中央線 荻窪駅 2階建 築13年,8,24.75,13,6,1,0
ＪＲ中央線 荻窪駅 6階建 築20年,9.8,23.92,20,9,1,1
ＪＲ中央線 荻窪駅 6階建 築20年,9.8,23.92,20,9,1,1
フェニックス荻窪弐番館,9.8,23.92,20,9,1,1
ＪＲ中央線 荻窪駅 6階建 築20年,9.8,23.92,20,9,1,1
ＪＲ中央線 荻窪駅 6階建 築20年,9.8,23.92,20,9,1,1
フェニックス荻窪弐番館,9.8,23.92,20,9,1,1
フェニックス荻窪弐番館,9.8,23.92,20,9,1,1
ＪＲ中央線 荻窪駅 6階建 築20年,9.8,23.92,20,9,1,1
ＪＲ中央線 荻窪駅 6階建 築20年,9.8,23.92,20,9,1,1
フェニックス荻窪弐番館,9.8,23.92,20,9,1,1
ＪＲ中央線 荻窪駅 6階建 築20年,9.8,23.92,20,9,1,1
フェニックス荻窪弐番館,9.8,23.92,20,9,1,1
ＪＲ中央線 荻窪駅 6階建 築20年,9.8,23.92,20,9,1,1
ＪＲ中央線 荻窪駅 6階建 築20年,9.8,23.92,20,9,1,1
ＪＲ中央線 荻窪駅 6階建 築20年,9.8,23.92,20,9,1,1
ＪＲ中央線 荻窪駅 6階建 築20年,9.8,23.92,20,9,1,1
フェニックス荻窪弐番館,9.8,23.92,20,9,1,1
ＪＲ中央線 荻窪駅 6階建 築20年,9.8,23.92,20,9,1,1
ＪＲ中央線 荻窪駅 6階建 築20年,9.8,23.92,20,9,1,1
ＪＲ中央線 荻窪駅 6階建 築20年,9.8,23.92,20,9,1,1
ＪＲ中央線 荻窪駅 2階建 築2年,7.2,12,2,6,0,1
ＪＲ中央線 荻窪駅 2階建 築11年,6.6,15,11,8,1,0
ＪＲ中央線 荻窪駅 2階建 築11年,6.6,15,11,8,1,0
ＪＲ中央線 荻窪駅 2階建 築11年,6.6,15,11,8,1,0
ＪＲ中央線 荻窪駅 2階建 築11年,6.6,15,11,8,1,0
ＪＲ中央線 荻窪駅 2階建 築22年,8.2,30,22,10,1,0
ＪＲ中央線 荻窪駅 2階建 築22年,8.2,30,22,10,1,0
ＰＡＳＥＯ荻窪 102号室,10.1,25.38,1,10,1,1
ＰＡＳＥＯ荻窪 102号室,10.1,25.38,1,10,1,1
ＰＡＳＥＯ荻窪 102号室,10.1,25.38,1,10,1,1
ＰＡＳＥＯ荻窪 102号室,10.1,25.38,1,10,1,1
ＰＡＳＥＯ荻窪 102号室,10.1,25.38,1,10,1,1
ＰＡＳＥＯ荻窪,10.1,25.38,0,10,1,1
ＰＡＳＥＯ荻窪 102号室,10.1,25.38,1,10,1,1
ＰＡＳＥＯ荻窪,10.1,25.31,0,10,1,1
ＰＡＳＥＯ荻窪,10.1,25.27,0,10,1,1
ＪＲ中央線 荻窪駅 4階建 新築,10.1,25.27,0,10,1,1
ＰＡＳＥＯ荻窪 101号室,10.1,25.27,1,10,1,1
ＰＡＳＥＯ荻窪 101号室,10.1,25.27,1,10,1,1
ＰＡＳＥＯ荻窪 101号室,10.1,25.27,1,10,1,1
ＰＡＳＥＯ荻窪 101号室,10.1,25.27,1,10,1,1
ＰＡＳＥＯ荻窪 101号室,10.1,25.27,1,10,1,1
ＰＡＳＥＯ荻窪 101号室,10.1,25.27,1,10,1,1
BRAHUS,6.7,17.7,8,7,1,0
BRA HUS,6.7,17.7,8,7,1,0
BRA HUS,6.7,17.7,8,7,1,0
BRAHUS,6.7,17.7,8,7,1,0
BRAHUS,6.7,17.7,8,7,1,0
ＪＲ総武線 荻窪駅 3階建 築8年,6.7,17.7,8,7,1,0
ＪＲ中央線 荻窪駅 3階建 築8年,6.7,17.7,8,7,1,0
ＪＲ中央線 荻窪駅 2階建 築8年,6.7,17.7,8,7,1,0
BRAHUS(ブローヒュース),6.7,17.7,8,7,1,0
ＪＲ総武線 荻窪駅 3階建 築8年,6.7,17.7,8,7,1,0
ＪＲ総武線 荻窪駅 3階建 築8年,6.7,17.7,8,7,1,0
ＪＲ中央線 荻窪駅 3階建 築8年,6.7,17.7,8,7,1,0
ＪＲ総武線 荻窪駅 3階建 築8年,6.7,17.7,8,7,1,0
ＰＡＳＥＯ荻窪 204号室,10.2,25.7,1,10,1,1
ＰＡＳＥＯ荻窪 403号室,10.2,25.7,1,10,1,1
ＰＡＳＥＯ荻窪 204号室,10.2,25.7,1,10,1,1
ＰＡＳＥＯ荻窪 403号室,10.2,25.7,1,10,1,1
ＰＡＳＥＯ荻窪 204号室,10.2,25.7,1,10,1,1
ＰＡＳＥＯ荻窪 204号室,10.2,25.7,1,10,1,1
ＰＡＳＥＯ荻窪,10.2,25.7,0,10,1,1
ＰＡＳＥＯ荻窪,10.2,25.7,0,10,1,1
ＰＡＳＥＯ荻窪 403号室,10.2,25.7,1,10,1,1
ＰＡＳＥＯ荻窪 403号室,10.2,25.7,1,10,1,1
ＰＡＳＥＯ荻窪 204号室,10.2,25.7,1,10,1,1
ＰＡＳＥＯ荻窪 403号室,10.2,25.7,1,10,1,1
ＪＲ中央線 荻窪駅 3階建 築1年,10.2,25.75,1,10,1,0
ＪＲ中央線 荻窪駅 3階建 築1年,10.2,25.75,1,10,1,0
ＰＡＳＥＯ荻窪 304号室,10.3,25.7,1,10,1,1
ＰＡＳＥＯ荻窪 304号室,10.3,25.7,1,10,1,1
ＰＡＳＥＯ荻窪,10.3,25.7,0,10,1,1
ＰＡＳＥＯ荻窪 304号室,10.3,25.7,1,10,1,1
ＰＡＳＥＯ荻窪 304号室,10.3,25.7,1,10,1,1
ＰＡＳＥＯ荻窪 304号室,10.3,25.7,1,10,1,1
ＰＡＳＥＯ荻窪 203号室,10.3,25.31,1,10,1,1
ＰＡＳＥＯ荻窪 203号室,10.3,25.31,1,10,1,1
ＰＡＳＥＯ荻窪 203号室,10.3,25.31,1,10,1,1
ＰＡＳＥＯ荻窪 203号室,10.3,25.31,1,10,1,1
ＰＡＳＥＯ荻窪 203号室,10.3,25.31,1,10,1,1
ＰＡＳＥＯ荻窪,10.3,25.31,0,10,1,1
ＰＡＳＥＯ荻窪 401号室,10.3,25.27,1,10,1,1
ＰＡＳＥＯ荻窪 401号室,10.3,25.27,1,10,1,1
ＰＡＳＥＯ荻窪 401号室,10.3,25.27,1,10,1,1
ＰＡＳＥＯ荻窪,10.3,25.27,0,10,1,1
ＰＡＳＥＯ荻窪 401号室,10.3,25.27,1,10,1,1
ＰＡＳＥＯ荻窪 401号室,10.3,25.27,1,10,1,1
ＰＡＳＥＯ荻窪,10.4,25.38,0,10,1,1
ＰＡＳＥＯ荻窪 202号室,10.4,25.38,1,10,1,1
ＰＡＳＥＯ荻窪 202号室,10.4,25.38,1,10,1,1
ＰＡＳＥＯ荻窪,10.4,25.38,0,10,1,1
ＰＡＳＥＯ荻窪 202号室,10.4,25.38,1,10,1,1
ＰＡＳＥＯ荻窪 202号室,10.4,25.38,1,10,1,1
ＰＡＳＥＯ荻窪 202号室,10.4,25.38,0,10,1,1
ＰＡＳＥＯ荻窪 202号室,10.4,25.38,1,10,1,1
ＰＡＳＥＯ荻窪 303号室,10.4,25.31,1,10,1,1
ＰＡＳＥＯ荻窪 303号室,10.4,25.31,1,10,1,1
ＰＡＳＥＯ荻窪 303号室,10.4,25.31,1,10,1,1
ＰＡＳＥＯ荻窪,10.4,25.31,0,10,1,1
ＰＡＳＥＯ荻窪 303号室,10.4,25.31,1,10,1,1
ＰＡＳＥＯ荻窪 303号室,10.4,25.31,1,10,1,1
ＰＡＳＥＯ荻窪 201号室,10.4,25.27,1,10,1,1
ＰＡＳＥＯ荻窪 201号室,10.4,25.27,1,10,1,1
ＰＡＳＥＯ荻窪,10.4,25.27,0,10,1,1
ＰＡＳＥＯ荻窪 201号室,10.4,25.27,1,10,1,1
ＰＡＳＥＯ荻窪 201号室,10.4,25.27,1,10,1,1
ＰＡＳＥＯ荻窪 201号室,10.4,25.27,1,10,1,1
ＪＲ中央線 荻窪駅 3階建 築1年,10.4,25.75,1,10,1,0
ＪＲ中央線 荻窪駅 3階建 築1年,10.4,25.75,1,10,1,0
ＰＡＳＥＯ荻窪 302号室,10.5,25.38,1,10,1,1
ＰＡＳＥＯ荻窪,10.5,25.38,0,10,1,1
ＰＡＳＥＯ荻窪 302号室,10.5,25.38,1,10,1,1
ＰＡＳＥＯ荻窪 302号室,10.5,25.38,1,10,1,1
ＰＡＳＥＯ荻窪 302号室,10.5,25.38,1,10,1,1
ＰＡＳＥＯ荻窪 302号室,10.5,25.38,1,10,1,1
ＰＡＳＥＯ荻窪 301号室,10.5,25.27,1,10,1,1
ＰＡＳＥＯ荻窪 301号室,10.5,25.27,1,10,1,1
ＰＡＳＥＯ荻窪,10.5,25.27,0,10,1,1
ＰＡＳＥＯ荻窪 301号室,10.5,25.27,1,10,1,1
ＰＡＳＥＯ荻窪 301号室,10.5,25.27,1,10,1,1
ＰＡＳＥＯ荻窪 301号室,10.5,25.27,1,10,1,1
ＴＭＴ,7.1,18.16,3,5,1,1
スカイコート荻窪第5,7.1,18.29,21,7,1,1
ＪＲ中央線 荻窪駅 2階建 築7年,6.7,17.7,7,6,1,0
ＪＲ中央線 荻窪駅 2階建 築7年,6.7,17.7,7,6,1,0
ＪＲ中央線 荻窪駅 2階建 築7年,6.7,17.7,7,6,1,0
ＪＲ中央線 荻窪駅 3階建 築3年,9.8,27.1,3,5,1,1
Cocoon.N（コクーン.エヌ）,10.9,25.75,0,10,1,0
荒井ハイツ,5.5,10.93,21,9,0,0
ＪＲ中央線 荻窪駅 3階建 築15年,5.5,17,15,8,0,0
ハイツARAI,5.5,15,15,8,0,0
山元ビル 202号室,6.3,13.89,12,6,1,0
グランデージ都 102号室,9,27.2,28,9,1,1
コンフォートK・S,8.2,34.98,11,12,1,0
コンフォートK・S,8.2,34.98,11,12,1,0
ハイツＡＲＡＩ 302号室,5.5,15,15,7,0,0
ＪＲ総武線 荻窪駅 3階建 築15年,5.5,15,15,7,0,0
アジュール荻窪,5.8,10.35,3,5,0,0
アジュール荻窪,5.8,10.35,3,5,0,0
アジュール荻窪,5.8,10.35,3,5,0,0
ソフィア荻窪,5.2,12.49,20,8,0,0
ＪＲ総武線 荻窪駅 2階建 築28年,8.2,36,28,10,1,0
ＪＲ総武線 荻窪駅 2階建 築28年,8.2,36,28,10,1,0
ＪＲ中央線 荻窪駅 2階建 築28年,8.2,36,28,10,1,0
ＪＲ総武線 荻窪駅 2階建 築28年,8.2,36,28,10,1,0
ＪＲ中央線 荻窪駅 2階建 築3年,5.5,10.35,3,5,0,1
サンパレス,8.8,35,27,10,1,0
ＪＲ総武線 荻窪駅 2階建 築11年,7.6,25.35,11,12,1,0
ＪＲ中央線 荻窪駅 3階建 築12年,6.5,13.89,12,4,1,0
ＪＲ中央線 荻窪駅 11階建 築2年,8.3,25.5,2,13,1,1
イサラ荻窪,10.5,26.95,15,5,1,1
イサラ荻窪 803号室,10.5,26.95,15,5,1,1
ＪＲ中央線 荻窪駅 2階建 築28年,8.7,36,28,10,1,0
ＪＲ総武線 荻窪駅 2階建 築28年,8.7,35,28,10,1,0
ＪＲ総武線 荻窪駅 2階建 築28年,8.7,35,28,10,1,0
ＪＲ総武線 荻窪駅 2階建 築28年,8.7,35,28,10,1,0
ＪＲ中央線 荻窪駅 3階建 築12年,6.3,13.89,12,4,1,0
ＪＲ中央線 荻窪駅 3階建 築12年,6.3,13.83,12,4,1,0
コンフォートテラス荻窪,7,18.36,5,12,1,1
コンフォートテラス荻窪,7,18.36,5,12,1,1
コンフォートテラス荻窪,7,18.36,5,12,1,1
クレヴィアリグゼ荻窪,11.5,27.36,4,5,1,1
クレヴィアリグゼ荻窪,11.5,27.36,4,5,1,1
ＪＲ中央線 荻窪駅 地下1地上11階建 築4年,11.5,27.36,4,5,1,1
ＪＲ総武線 荻窪駅 地下1地上11階建 築4年,11.5,27.36,4,5,1,1
ＪＲ中央線 荻窪駅 地下1地上11階建 築4年,11.5,27.36,4,5,1,1
ＪＲ中央線 荻窪駅 地下1地上11階建 築4年,11.5,27.36,4,5,1,1
クレヴィアリグゼ荻窪,11.5,27.36,4,5,1,1
ＪＲ中央線 荻窪駅 地下1地上11階建 築4年,11.5,27.36,4,5,1,1
ＪＲ中央線 荻窪駅 11階建 築4年,11.5,27.35,4,5,1,1
ＳＰＡＴＩＥ　ＧＬＡＮＣＥ荻窪,7.9,25.5,2,13,1,1
ＪＲ中央線 荻窪駅 11階建 築2年,7.9,25.5,2,13,1,1
ブランシェ,6,21,27,9,0,0
ハイムハーモニー,5.9,20.7,23,10,0,0
ＪＲ中央線 荻窪駅 6階建 築6年,8.1,23.81,6,13,0,1
ＪＲ中央線 荻窪駅 4階建 築29年,6.6,18.92,29,9,0,1
ヴィラ・リズ荻窪 403号室,6.6,18.92,29,9,0,1
ＪＲ中央線 荻窪駅 4階建 築29年,6.6,18.92,29,9,0,1
ヴィラ・リズ 403号室,6.6,18.92,29,9,0,1
スパシエグランス荻窪,8.9,25.46,2,13,1,1
スパシエグランス荻窪,8.9,25.46,2,13,1,1
ＪＲ中央線 荻窪駅 11階建 築2年,8.9,25.46,2,13,1,1
スパシエグランス荻窪 1002号室,8.9,25.46,2,13,1,1
スパシエグランス荻窪 1002号室,8.9,25.46,2,13,1,1
ＪＲ中央線 荻窪駅 11階建 築2年,8.9,25.46,2,13,1,1
スパシエグランス荻窪 1002号室,8.9,25.46,2,13,1,1
ＪＲ中央線 荻窪駅 11階建 築2年,8.9,25.46,2,13,1,1
スパシエグランス荻窪 1002号室,8.9,25.46,2,13,1,1
ＪＲ中央線 荻窪駅 11階建 築2年,8.9,25.46,2,13,1,1
スパシエグランス荻窪,8.9,25.46,2,13,1,1
スパシエグランス荻窪,8.9,25.46,2,13,1,1
スパシエグランス荻窪 1002号室,8.9,25.46,2,13,1,1
スパシエグランス荻窪 1002号室,8.9,25.46,2,13,1,1
スパシエグランス荻窪 1002号室,8.9,25.46,2,13,1,1
スパシエグランス荻窪 1002号室,8.9,25.46,2,13,1,1
スパシエグランス荻窪 1002号室,8.9,25.46,2,13,1,1
スパシエグランス荻窪 1002号室,8.9,25.46,2,13,1,1
メゾンボックス荻窪,8.5,25.58,26,4,1,1
ＪＲ中央線 荻窪駅 2階建 築28年,6.4,21,28,8,1,0
ＪＲ中央線 荻窪駅 2階建 築27年,6,20,27,8,1,0
ノムラスカイハイム 201号室,6,20,27,8,0,0
ノムラスカイハイム 201号室,6,18,27,8,0,0
ベルハイムおぎくぼ 206号室,5.8,15,28,9,0,0
ＪＲ中央線 荻窪駅 2階建 築27年,5.3,18,27,9,1,0
大庭ハイム,5,17.85,23,7,0,0
ベルハイム荻窪,5.8,13,27,8,0,0
ＪＲ中央線 荻窪駅 2階建 築27年,5.8,13,27,8,1,0
ＪＲ中央線 荻窪駅 2階建 築27年,5.8,13,27,8,1,0
ＪＲ中央線 荻窪駅 2階建 築27年,5.8,13,27,8,1,0
コンフォートテラス荻窪,5.8,12.64,4,12,1,1
ソリストガーデンII 103号室,5,19,23,10,0,1
コンフォートテラス荻窪,5.8,12.64,5,12,1,1
コンフォートテラス荻窪,5.8,12.64,5,12,1,1
ＪＲ総武線 荻窪駅 2階建 築5年,5.8,12.64,5,12,0,1
ＪＲ中央線 荻窪駅 2階建 築5年,5.8,12.64,5,12,1,1
コンフォートテラス荻窪 101号室,5.8,12.64,5,12,0,1
ＪＲ中央線 荻窪駅 2階建 築5年,5.8,12.64,5,12,1,1
ＪＲ中央線 荻窪駅 2階建 築5年,5.8,12.64,5,12,1,1
コンフォートテラス荻窪,5.8,12.64,5,12,1,1
ＪＲ中央線 荻窪駅 2階建 築5年,5.8,12.64,5,12,1,1
ＪＲ中央線 荻窪駅 2階建 築5年,5.8,12.64,5,12,1,1
ＪＲ総武線 荻窪駅 2階建 築5年,5.8,12.64,5,12,0,1
コンフォートテラス荻窪 0101号室,5.8,12.64,5,12,1,1
ＪＲ中央線 荻窪駅 2階建 築5年,5.8,12.64,5,12,1,1
ＪＲ中央線 荻窪駅 2階建 築5年,5.8,12.64,5,12,1,1
コンフォートテラス荻窪,5.8,12.64,5,12,1,1
ＪＲ総武線 荻窪駅 2階建 築5年,5.8,12.64,5,12,0,1
ＪＲ中央線 荻窪駅 2階建 築5年,5.8,12.64,5,12,1,1
ＪＲ中央線 荻窪駅 2階建 築5年,5.8,12.64,5,12,1,1
ＪＲ中央線 荻窪駅 2階建 築5年,5.8,12.64,5,12,1,1
ＪＲ中央線 荻窪駅 2階建 築27年,7.5,27.33,27,11,1,0
ＪＲ中央線 荻窪駅 2階建 築27年,6,18,27,7,1,0
ＪＲ中央線 荻窪駅 2階建 築29年,5.4,12,29,9,1,0
メゾンユー,5.4,12,29,9,0,0
メゾンユー 101号室,5.4,12,29,9,0,0
ＪＲ中央線 荻窪駅 2階建 築29年,5.4,12,29,9,1,0
メゾンユー,5.4,12,29,9,0,0
メゾンユー 101号室,5.4,12,29,9,0,0
メゾンユー 101号室,5.4,12,29,9,0,0
ＪＲ中央線 荻窪駅 2階建 築4年,6.7,15.39,4,13,1,0
スパシエグランス荻窪 1002号室,8.9,25.46,2,14,1,1
スパシエグランス荻窪 1002号室,8.9,25.46,2,14,1,1
スパシエグランス荻窪 1002号室,8.9,25.46,2,14,1,1
ベルハイムおぎくぼ,5.8,16.27,27,10,0,0
ベルハイムおぎくぼ,5.8,16.27,27,10,0,0
ＪＲ中央線 荻窪駅 2階建 築31年,6.4,21.06,31,8,1,0
ＪＲ総武線 荻窪駅 地下1地上3階建 築25年,5,19,25,10,0,1
コーポラス清和,6,15.68,28,10,0,0
エルヴィーナ荻窪 0206号室,6.9,24,31,10,0,0
ＪＲ中央線 荻窪駅 3階建 築30年,5.2,12.25,30,9,0,1
ＪＲ中央線 荻窪駅 2階建 築27年,8.7,35,27,12,1,0
ＪＲ中央線 荻窪駅 5階建 築28年,7,27,28,4,0,0
ＪＲ中央線 荻窪駅 2階建 築30年,5.5,19.6,30,8,0,0
コーボルト,5.5,18.54,30,8,0,0
コーボルト,5.5,18.54,30,8,0,0
コーボルト,5.5,18.54,30,8,0,0
コーボルト,5.5,18.54,30,8,0,0
コーボルト,5.5,18.54,30,8,0,0
コーボルト 101号室,5.5,18.54,30,8,0,0
コーボルト,5.5,18.54,30,8,0,0
コーボルト,5.5,18.54,30,8,0,0
コーボルト,5.5,18.54,30,8,0,0
コーボルト,5.5,18.54,30,8,0,0
コーボルト,5.5,18.54,30,8,0,0
コーボルト,5.5,18.54,30,8,0,0
コーボルト,5.5,18.54,30,8,0,0
ＪＲ中央線 荻窪駅 2階建 築30年,5.5,18.54,30,8,0,0
コーボルト,5.5,18.54,30,8,0,0
コーボルト,5.5,18.54,30,8,0,0
コーボルト,5.5,18.54,30,8,0,0
コーボルト,5.5,18.54,30,8,0,0
コーボルト,5.5,18.54,30,8,0,0
コーボルト,5.5,18.54,30,8,0,0
コーボルト,5.5,18.54,30,8,0,0
コーボルト,5.5,18.54,30,8,0,0
コーボルト,5.5,18.54,30,8,0,0
コーボルト,5.5,18.54,30,8,0,0
コーボルト,5.5,18.54,30,8,0,0
ＪＲ中央線 荻窪駅 2階建 築30年,5.5,18.54,30,8,0,0
コーボルト 101号室,5.5,18.54,30,8,0,0
ＪＲ中央線 荻窪駅 2階建 築31年,5.8,17.35,31,8,1,0
アルミックハウス,7.6,19.97,32,5,0,0
メゾンユー 101号室,5.4,12,29,7,0,0
メゾンユー 101号室,5.4,12,29,7,0,0
メゾンユー 101号室,5.4,12,29,7,0,0
メゾンユー 101号室,5.4,12,29,7,0,0
メゾンユー 101号室,5.4,12,29,7,0,0
メゾンド・モナーク,5.6,14,29,10,0,0
メゾンユー 101号室,5.4,12,29,10,0,0
メゾンユー 101号室,5.4,12,29,10,0,0
メゾンユー 101号室,5.4,12,29,10,0,0
ＪＲ中央線 荻窪駅 3階建 築30年,6,19.2,30,6,0,1
リバブル荻窪 205号室,6,19.2,30,6,0,0
ＪＲ中央線 荻窪駅 3階建 築30年,6.5,18.96,30,5,0,1
ＪＲ中央線 荻窪駅 3階建 築30年,6.5,18.96,30,5,0,1
ＪＲ中央線 荻窪駅 3階建 築30年,6.5,18.96,30,5,0,1
ＲＥＦＬＥＸ 201号室,6.5,18.96,30,5,0,0
コーボルト,5.5,18.54,30,10,0,0
プラティーク荻窪 208号室,6.1,16.17,32,10,0,1
ＪＲ総武線 荻窪駅 3階建 築28年,5,16,28,6,0,0
ＪＲ中央線 荻窪駅 2階建 築23年,5.5,16.66,23,12,0,0
コーラルパレス 302号室,5.7,15.5,29,5,0,1
ＪＲ総武線 荻窪駅 3階建 築31年,5.5,19.12,31,10,0,0
ＪＲ中央線 荻窪駅 3階建 築31年,5.5,19.12,31,10,0,0
ＪＲ総武線 荻窪駅 3階建 築31年,5.5,19.12,31,10,0,0
サニーハイツ,4.6,15.45,29,7,0,0
ＪＲ総武線 荻窪駅 2階建 築24年,5.5,16.16,24,12,0,0
ＪＲ中央線 荻窪駅 2階建 築24年,5.5,16.16,24,12,0,0
ブリーゼ 203号室,3.2,7.1,3,12,0,0
ブリーゼ,3,7.1,3,12,0,0
コーラルパレス 302号室,5.5,15.58,30,5,0,1
コ－ラルパレス,5.5,15.58,30,5,0,1
エグゼクティブ荻窪,7,18.34,33,4,0,0
エグゼクティブ荻窪,7,18.34,33,4,0,0
ＪＲ中央線 荻窪駅 地下1地上5階建 築35年,6.6,24.36,35,6,0,1
ＪＲ中央線 荻窪駅 地下1地上5階建 築35年,6.6,24.36,35,6,0,1
佐藤アパート 101号室,6.8,19.8,37,10,0,0
ＪＲ中央線 荻窪駅 2階建 築21年,6.4,22.5,21,14,1,0
ＪＲ中央線 荻窪駅 2階建 築26年,5.5,16,26,12,0,0
ハイムコスモ 302号室,5.5,12,36,8,0,0
ハイムコスモ 302号室,5.5,12,36,8,0,0
東京メトロ丸ノ内線 荻窪駅 3階建 築36年,5.5,12,36,8,1,0
ハイムコスモ 302号室,5.5,12,36,8,0,0
東京メトロ丸ノ内線 荻窪駅 3階建 築36年,5.5,12,36,8,1,0
東京メトロ丸ノ内線 荻窪駅 3階建 築36年,5.5,12,36,8,1,0
ＪＲ中央線 荻窪駅 3階建 築36年,5.5,12,36,8,0,0
ＪＲ中央線 荻窪駅 3階建 築36年,5.5,12,36,8,0,0
東京メトロ丸ノ内線 荻窪駅 3階建 築36年,5.5,12,36,8,1,0
ハイムコスモ 302号室,5.5,12,36,8,0,0
パークハイム,4.8,15,32,10,0,0
プラーズ南荻窪 105号室,6.3,17,37,7,0,0
ＪＲ中央線 荻窪駅 3階建 築30年,5.5,15.58,30,4,0,1
ＪＲ中央線 荻窪駅 3階建 築30年,5.5,15.58,30,4,0,1
ＪＲ中央線 荻窪駅 3階建 築30年,5.5,15.58,30,4,0,1
コーラルパレス,5.5,15.58,30,4,0,1
ＪＲ中央線 荻窪駅 3階建 築30年,5.5,15.58,30,4,0,1
プレール荻窪南,5.4,16.72,30,4,0,1
ＪＲ中央線 荻窪駅 2階建 築32年,4.6,11,32,10,0,0
ＪＲ中央線 荻窪駅 2階建 築32年,4.6,11,32,10,0,0
ＩＮＮ荻窪,4.9,13.19,33,10,0,0
ＩＮＮ荻窪,4.9,13.19,33,10,0,0
ＩＮＮ荻窪,4.9,13.19,33,10,0,0
ＩＮＮ荻窪,4.9,13.19,33,10,0,0
ＩＮＮ荻窪,4.9,10.39,33,10,0,0
ドゥエル荻窪,7.9,26.6,36,3,1,0
ドゥエル荻窪 303号室,7.9,26.6,36,3,1,0
ドゥエル荻窪,7.9,26.6,36,3,1,0
ドゥエル荻窪 303号室,7.9,26.6,36,3,1,0
ＪＲ総武線 荻窪駅 5階建 築36年,7.9,26.6,36,3,1,0
ドゥエル荻窪 303号室,7.9,26.6,36,3,1,0
ドゥエル荻窪,7.9,26.6,36,3,1,0
ＪＲ中央線 荻窪駅 5階建 築36年,7.9,26.6,36,3,1,1
ドゥエル荻窪 303号室,7.9,26.6,36,3,1,0
ドゥエル荻窪 303号室,7.9,26.6,36,3,1,0
ドゥエル荻窪,7.9,26.6,36,3,1,0
ドゥエル荻窪,7.9,26.6,36,3,1,0
ドゥエル荻窪 303号室,7.9,26.6,36,3,1,0
ＪＲ総武線 荻窪駅 5階建 築36年,7.9,26.6,36,3,1,0
ＪＲ総武線 荻窪駅 5階建 築36年,7.9,26.6,36,3,1,0
ドゥエル荻窪,7.9,26.6,36,3,1,0
ドゥエル荻窪 303号室,7.9,26.6,36,3,1,0
ドゥエル荻窪,7.9,26.6,36,3,1,0
ドゥエル荻窪 303号室,7.9,26.6,36,3,1,0
ドゥエル荻窪 303号室,7.9,26.6,36,3,1,0
ドゥエル荻窪 303号室,7.9,26.6,36,3,1,0
ドゥエル荻窪 303号室,7.9,26.6,36,3,1,0
ドゥエル荻窪,7.9,26.6,36,3,1,0
ドゥエル荻窪,7.9,26.6,36,3,1,0
ドゥエル荻窪 303号室,7.9,26.6,36,3,1,0
パークハイム,4.5,15,32,10,0,0
ＪＲ中央線 荻窪駅 5階建 築36年,6.6,24.36,36,5,1,1
学生専用チェルシーハウス荻窪 101号室,5.5,9.5,28,12,1,0
学生専用チェルシーハウス荻窪 202号室,5.5,9.5,28,12,1,0
学生専用チェルシーハウス荻窪 202号室,5.5,9.5,28,12,1,0
学生専用チェルシーハウス荻窪 202号室,5.5,9.5,28,12,1,0
学生専用チェルシーハウス荻窪 101号室,5.5,9.5,28,12,1,0
学生専用チェルシーハウス荻窪 202号室,5.5,9.5,28,12,1,0
学生専用チェルシーハウス荻窪 202号室,5.5,9.5,28,12,1,0
学生専用チェルシーハウス荻窪 202号室,5.5,9.5,28,12,1,0
学生専用チェルシーハウス荻窪 101号室,5.5,9.5,28,12,1,0
学生専用チェルシーハウス荻窪 202号室,5.5,9.5,28,12,1,0
学生専用チェルシーハウス荻窪 202号室,5.5,9.5,28,12,1,0
ＪＲ中央線 荻窪駅 4階建 築30年,5,11.75,30,4,0,1
ハウスコウノトリ,7.8,23.18,46,9,1,0
ＪＲ中央線 荻窪駅 5階建 築37年,7.9,26.6,37,3,1,0
ＪＲ総武線 荻窪駅 5階建 築37年,7.9,26.6,37,3,1,0
ＪＲ中央線 荻窪駅 5階建 築37年,7.9,26.6,37,3,1,0
ＪＲ中央線 荻窪駅 5階建 築37年,7.9,26.6,37,3,1,0
ＪＲ総武線 荻窪駅 5階建 築37年,7.9,26.6,37,3,1,0
ＪＲ中央線 荻窪駅 2階建 築5年,5.8,12.64,5,15,1,1
ＪＲ中央線 荻窪駅 2階建 築5年,5.8,12.64,5,15,1,1
家具付き　オートロック　学生専用　チェルシーハウス荻窪 101号室,5.2,9.5,28,12,0,0
ＪＲ中央線 荻窪駅 3階建 築28年,5.2,9.5,28,12,0,1
ＪＲ中央線 荻窪駅 3階建 築28年,5.2,9.5,28,12,0,1
ＪＲ中央線 荻窪駅 3階建 築28年,5.2,9.5,28,12,0,1
東京メトロ丸ノ内線 荻窪駅 3階建 築36年,7.9,26.6,36,2,1,0
ＪＲ中央線 荻窪駅 2階建 築30年,5.8,20.7,30,12,0,0
ＪＲ中央線 荻窪駅 2階建 築30年,5.8,20.7,30,12,0,0
ＪＲ中央線 荻窪駅 2階建 築30年,5.8,20.7,30,12,0,0
ＪＲ中央線 荻窪駅 2階建 築30年,5.8,20.7,30,12,0,0
カーサデ藤原 103号室,5.8,19.03,35,5,0,0
ＪＲ中央線 荻窪駅 4階建 築35年,5.8,19.03,35,5,0,0
カーサデ藤原 103号室,5.8,19.03,35,5,0,0
荻窪14 203号室,2.7,7,2,13,0,1
プロスペアー荻窪,5.7,16.02,35,5,0,0
ハイムコスモ,5.5,12,36,6,0,0
ＪＲ中央線 荻窪駅 3階建 築36年,5.5,12,36,6,0,0
ハイムコスモ,5.5,12,36,6,0,0
ＪＲ中央線 荻窪駅 4階建 築37年,4.7,13.47,37,8,0,0
ＪＲ総武線 荻窪駅 3階建 築37年,6.3,17,37,5,0,0
プラーズ南荻窪 105号室,6.3,17,37,5,0,0
プラーズ南荻窪,6.3,17,37,5,0,0
ＪＲ総武線 荻窪駅 9階建 築33年,6.5,16.8,33,2,1,1
ＪＲ中央線 荻窪駅 9階建 築33年,6.5,16.8,33,2,1,1
ＪＲ中央線 荻窪駅 9階建 築33年,6.5,16.8,33,2,1,1
ＪＲ総武線 荻窪駅 9階建 築33年,6.5,16.8,33,2,1,1
ＪＲ中央線 荻窪駅 3階建 築36年,7.5,20.16,36,2,0,0
ワコーレ荻窪ミモザ館 205号室,6.6,24.36,35,3,0,1
ＪＲ中央線 荻窪駅 2階建 築32年,5,14,32,4,0,0
荻窪14 106号室,2.4,7,2,13,0,1
ＪＲ中央線 荻窪駅 2階建 築28年,6,19,28,13,1,0
ＪＲ中央線 荻窪駅 2階建 築28年,6,19,28,13,1,0
ＪＲ中央線 荻窪駅 2階建 築28年,6,19,28,13,1,0
ＪＲ中央線 荻窪駅 2階建 築28年,6,19,28,13,1,0
ＪＲ中央線 荻窪駅 2階建 築28年,6,19,28,13,1,0
ＪＲ中央線 荻窪駅 2階建 築28年,6,19,28,13,1,0
ＪＲ中央線 荻窪駅 2階建 築28年,6,19,28,13,1,0
ＪＲ中央線 荻窪駅 2階建 築28年,6,19,28,13,1,0
ＪＲ中央線 荻窪駅 3階建 築35年,5.35,13.37,35,5,0,1
スカイコート荻窪,5.35,13.37,35,5,0,1
ＪＲ中央線 荻窪駅 4階建 築35年,5.7,14.54,35,11,0,0
ＪＲ中央線 荻窪駅 4階建 築35年,5.7,14.54,35,11,0,0
ＪＲ中央線 荻窪駅 4階建 築35年,5.7,14.54,35,11,0,0
プラーズ南荻窪,6.3,17,38,5,0,0
ＪＲ中央線 荻窪駅 4階建 築45年,6.5,16,45,9,1,0
ＪＲ中央線 荻窪駅 4階建 築45年,6.5,16,45,9,1,0
ＪＲ中央線 荻窪駅 4階建 築45年,6.5,16,45,9,1,0
ＪＲ中央線 荻窪駅 4階建 築45年,6.5,16,45,9,1,0
荻窪貸アパート,5.4,14,34,4,0,0
ＪＲ中央線 荻窪駅 5階建 築36年,6.6,24.36,36,3,1,1
ＪＲ中央線 荻窪駅 5階建 築36年,6.6,24.36,36,3,1,1
メゾン・ド・セレナード 401号室,4.8,13.5,34,5,0,0
メゾン・ド・セレナード 401号室,4.8,13.5,34,5,0,0
メゾン・ド・セレナード 401号室,4.8,13.5,34,5,0,0
メゾン・ド・セレナード 401号室,4.8,13.5,34,5,0,0
メゾン・ド・セレナード 401号室,4.8,13.5,34,5,0,0
東京メトロ丸ノ内線 荻窪駅 4階建 築34年,4.8,13.5,34,5,0,0
メゾン・ド・セレナード 401号室,4.8,13.5,34,5,0,0
東京メトロ丸ノ内線 荻窪駅 4階建 築34年,4.8,13.5,34,5,0,0
メゾン・ド・セレナード 401号室,4.8,13.5,34,5,0,0
東京メトロ丸ノ内線 荻窪駅 4階建 築34年,4.8,13.5,34,5,0,0
メゾン・ド・セレナード 401号室,4.8,13.5,34,5,0,0
東京メトロ丸ノ内線 荻窪駅 4階建 築34年,4.8,13.5,34,5,0,0
グレイス荻窪,4.9,16.24,36,6,0,0
ＪＲ中央線 荻窪駅 4階建 築35年,5.5,13.55,35,11,0,0
ＪＲ中央線 荻窪駅 2階建 築46年,7.8,23.18,46,10,1,0
ＪＲ中央線 荻窪駅 2階建 築46年,7.8,23.18,46,10,1,0
ＪＲ中央線 荻窪駅 2階建 築46年,7.8,23.18,46,10,1,0
ＪＲ中央線 荻窪駅 2階建 築46年,7.8,23.18,46,10,1,0
ＪＲ中央線 荻窪駅 2階建 築27年,5,15,27,13,1,0
ＪＲ中央線 荻窪駅 2階建 築27年,5,15,27,13,1,0
ＪＲ中央線 荻窪駅 2階建 築27年,5,15,27,13,1,0
ＪＲ中央線 荻窪駅 2階建 築27年,5,15,27,13,1,0
東京メトロ丸ノ内線 荻窪駅 5階建 築35年,5.7,16.1,35,3,0,0
東京メトロ丸ノ内線 荻窪駅 5階建 築35年,5.7,16.1,35,3,0,0
東京メトロ丸ノ内線 荻窪駅 5階建 築35年,5.7,16.1,35,3,0,0
東京メトロ丸ノ内線 荻窪駅 5階建 築35年,5.7,16.1,35,3,0,0
ＪＲ中央線 荻窪駅 5階建 築21年,6.6,18.17,21,10,1,1
ＪＲ中央線 荻窪駅 2階建 築45年,8,24.79,45,5,1,0
ＪＲ総武線 荻窪駅 2階建 築45年,8,24.76,45,5,1,0
ＪＲ総武線 荻窪駅 2階建 築45年,8,24.76,45,5,1,0
ＭステージＢ棟,8,24.76,45,5,1,0
ＭステージＢ棟,8,24.76,45,5,1,0
ＪＲ総武線 荻窪駅 2階建 築45年,8,24.76,45,5,1,0
ＪＲ中央線 荻窪駅 2階建 築45年,8,24.76,45,5,1,0
メゾン・ド・スィエール 0202号室,4.9,15.27,37,5,0,0
メゾン・ド・スィエール 0202号室,4.9,15.27,37,5,0,0
ＪＲ中央線 荻窪駅 4階建 築37年,4.9,15.27,37,5,0,0
メゾン・ド・スィエール 0202号室,4.9,15.27,37,5,0,0
メゾン・ド・スィエール 0202号室,4.9,15.27,37,5,0,0
ＪＲ総武線 荻窪駅 4階建 築45年,6.48,16,45,7,0,0
ＪＲ総武線 荻窪駅 4階建 築45年,6.48,16,45,7,0,0
ＪＲ中央線 荻窪駅 2階建 築42年,7,20,42,4,0,0
篠原ハイツ 202号室,7,20,42,4,0,0
ＪＲ中央線 荻窪駅 2階建 築32年,4.6,11,32,12,0,0
ＪＲ中央線 荻窪駅 3階建 築40年,4.5,12.11,40,7,0,0
メゾン・ド・荻窪,4.5,12.11,40,7,0,0
メゾン・ド・荻窪,4.5,12.11,40,7,0,0
メゾン・ド・荻窪,4.5,12.11,40,7,0,0
メゾン・ド・荻窪,4.5,12.11,40,7,0,0
メゾン・ド・荻窪,4.5,12.11,40,7,0,0
メゾン・ド・荻窪,4.5,12.11,40,7,0,0
メゾン・ド・荻窪,4.5,12.11,40,7,0,0
メゾン・ド・荻窪,4.5,12.11,40,7,0,0
メゾン・ド・荻窪,4.5,12.11,40,7,0,0
東京メトロ丸ノ内線 荻窪駅 3階建 築40年,4.5,12.11,40,7,0,0
ＪＲ中央線 荻窪駅 3階建 築40年,4.5,12.11,40,7,0,0
メゾン・ド・荻窪,4.5,12.11,40,7,0,0
メゾン・ド・荻窪,4.5,12.11,40,7,0,0
メゾン・ド・荻窪,4.5,12.11,40,7,0,0
メゾン・ド・荻窪,4.5,12.11,40,7,0,0
メゾン・ド・荻窪,4.5,12.11,40,7,0,0
ＪＲ中央線 荻窪駅 3階建 築40年,4.5,12.11,40,7,0,0
メゾン・ド・荻窪,4.5,12.11,40,7,0,0
ＪＲ中央線 荻窪駅 3階建 築49年,7,18,49,8,1,0
シオンスクエア,7,18,49,8,1,0
ＪＲ中央線 荻窪駅 3階建 築49年,7,18,49,8,1,0
ＪＲ中央線 荻窪駅 2階建 築34年,5,16.5,34,12,0,0
ＪＲ中央線 荻窪駅 2階建 築34年,5,16.5,34,12,0,0
サットンプレイス荻窪 206号室,6.2,17,30,14,0,0
ハイツカレン,6.7,20,24,16,1,0
荻窪スカイレジテル,5.7,16.1,35,1,0,0
ＪＲ総武線 荻窪駅 5階建 築35年,5.7,16.1,35,1,0,0
荻窪スカイレジテル,5.7,16.1,35,1,0,0
ＪＲ中央線 荻窪駅 3階建 築49年,6.7,18,49,8,1,0
ＪＲ中央線 荻窪駅 3階建 築49年,6.7,18,49,8,1,0
ベルユニット荻窪 201号室,5,14,27,14,0,0
ＪＲ総武線 荻窪駅 2階建 築27年,5,14,27,14,0,0
ベルユニット荻窪 201号室,5,14,27,14,0,0
ＪＲ総武線 荻窪駅 2階建 築27年,5,14,27,14,0,0
DRホームズ杉並桃井,6.2,19.5,27,15,0,0
ユアパレス天沼,5.3,14,32,13,0,0
ＪＲ中央線 荻窪駅 3階建 築40年,4.5,12.11,40,6,0,0
ＪＲ中央線 荻窪駅 3階建 築40年,4.5,12.11,40,6,0,0
ＪＲ中央線 荻窪駅 3階建 築40年,4.5,12.11,40,6,0,0
メゾン・ド・上荻,4.4,15.5,40,6,0,0
ＪＲ中央線 荻窪駅 4階建 築40年,4.4,15.5,40,6,0,0
メゾン・ド・上荻,4.4,15.5,40,6,0,0
ヴェールバローネ 202号室,4,11,42,8,0,0
柏本ホームズ,6,20,27,15,0,0
柏本ホームズ,6,20,27,15,0,0
柏本ホームズ,6,20,27,15,0,0
柏本ホームズ,6,20,27,15,0,0
第２コーポ石原,6,17.82,27,15,0,1
第２コーポ石原,6,16.01,27,15,0,1
第２コーポ石原,6,16.01,27,15,0,1
シャトウ荻窪Ａ棟,4.7,12.75,31,13,0,0
第二コーポ石原 205号室,5.9,16,27,15,0,1
ハンデーイン第三,9.3,31.08,49,6,1,0
ハンデーイン第三,9.3,31.08,49,6,1,0
ＪＲ中央線 荻窪駅 4階建 築49年,9.3,31.08,49,6,1,0
ＪＲ中央線 荻窪駅 2階建 築29年,5.2,18,29,14,1,0
ＪＲ中央線 荻窪駅 2階建 築29年,5.2,18,29,14,1,0
サットンプレイス荻窪 103号室,5.5,15.6,30,14,0,0
ＪＲ中央線 荻窪駅 3階建 築40年,4.6,11.44,40,5,0,0
ベルユニット荻窪 201号室,5,14,30,14,0,0
ベルユニット荻窪 201号室,5,14,30,14,0,0
ベルユニット荻窪 201号室,5,14,30,14,0,0
千寿荘 5号室,4,14.7,47,9,0,0
ＪＲ中央線 荻窪駅 2階建 築7年,7.6,21.75,7,20,1,0
安達ハイツ,5.5,15,44,3,1,0
安達ハイツ,5.5,15,44,3,1,0
ＪＲ中央線 荻窪駅 2階建 築25年,5.9,21,25,17,1,0
ＪＲ中央線 荻窪駅 2階建 築30年,5,14,30,15,0,0
ハイム若葉,5.5,17.95,36,14,0,0
ラパルフェドプリモ 104号室,6,20.01,30,16,0,0
千寿荘 5号室,4,14.8,47,10,0,0
ＪＲ中央線 荻窪駅 2階建 築29年,5.3,20.46,29,16,1,0
ＪＲ中央線 荻窪駅 2階建 築29年,5.3,20.46,29,16,1,0
ラ・パルフェ・ド・プリモ,5.3,20.01,30,16,0,0
ラ・パルフェ・ド・プリモ,5.3,20.01,30,16,0,0
ＪＲ中央線 荻窪駅 4階建 築30年,5.3,20.01,30,16,0,1
ＪＲ中央線 荻窪駅 4階建 築30年,5.3,20.01,30,16,0,1
ＪＲ中央線 荻窪駅 4階建 築30年,5.3,20.01,30,16,0,1
ＪＲ中央線 荻窪駅 4階建 築30年,5.3,20.01,30,16,0,1
ヴェルユニット 201号室,5,14,30,16,0,0
ヴェルユニット 201号室,5,14,30,16,0,0
ヴェルユニット 201号室,5,14,30,16,0,0
ヴェルユニット 201号室,5,14,30,16,0,0
ヴェルユニット 201号室,5,14,30,16,0,0
ハイムひまわり,7,21.6,22,20,1,0
ＪＲ中央線 荻窪駅 2階建 築18年,6.3,19.1,18,20,1,0
メゾンド秀和 205号室,4.8,13,35,15,0,0
片平アパート 203号室,2.5,10,41,12,0,0
ＯｎＣｏ荻窪,13.43,31.52,43,12,1,0
ＪＲ中央線 荻窪駅 2階建 築47年,2.3,9.2,47,6,0,0
OnCo荻窪 1号室,13.43,31.52,43,13,1,0
OnCo荻窪,13.43,31.52,43,13,1,0
OnCo荻窪 1号室,13.43,31.52,43,13,1,0
OnCo荻窪 1号室,13.43,31.52,43,13,1,0
OnCo荻窪 1号室,13.43,31.52,43,13,1,0
OnCo荻窪 1号室,13.43,31.52,43,13,1,0
OnCo荻窪 1号室,13.43,31.52,43,13,1,0
OnCo荻窪 1号室,13.43,31.52,43,13,1,0
OnCo荻窪 1号室,13.43,31.52,43,13,1,0
OnCo荻窪 1号室,13.43,31.52,43,13,1,0
OnCo荻窪 1号室,13.43,31.52,43,13,1,0
OnCo荻窪 1号室,13.43,31.52,43,13,1,0
OnCo荻窪 1号室,13.43,31.52,43,13,1,0
OnCo荻窪 1号室,13.43,31.52,43,13,1,0
OnCo荻窪 1号室,13.43,31.52,43,13,1,0
OnCo荻窪 1号室,13.43,31.52,43,13,1,0
OnCo荻窪 1号室,13.43,31.52,43,13,1,0
OnCo荻窪 1号室,13.43,31.52,43,13,1,0
OnCo荻窪 1号室,13.43,31.52,43,13,1,0
ＪＲ中央線 荻窪駅 4階建 築30年,7.4,25.31,30,20,0,1
ＪＲ中央線 荻窪駅 4階建 築30年,7.4,25.31,30,20,0,1
ＪＲ中央線 荻窪駅 2階建 築57年,4,10.35,57,6,0,0
ＪＲ中央線 荻窪駅 2階建 築57年,4,10.35,57,6,0,0
ハイツＯＲＩＴＯ 202号室,4,10.35,57,6,0,0
ＪＲ中央線 荻窪駅 2階建 築32年,4.6,18.81,32,19,0,0
ＪＲ中央線 荻窪駅 2階建 築32年,4.6,18.81,32,19,0,0
ＶＩＰ荻窪,4.6,18.81,32,19,0,0
ＪＲ中央線 荻窪駅 2階建 築32年,4.6,18.81,32,19,0,0
ＪＲ中央線 荻窪駅 2階建 築32年,5.3,14.18,32,20,0,0
グリーンフジハイツ 101号室,5.3,14.18,32,20,0,0
ＪＲ中央線 荻窪駅 2階建 築32年,5.3,14.18,32,20,0,0
ＪＲ中央線 荻窪駅 2階建 築32年,5.3,14.18,32,20,0,0
グリーンフジハイツ,5.3,14.05,32,20,0,0
サンクレール高井戸,8.4,28,17,15,1,1
サンクレール高井戸,8.5,28,17,15,1,1
アイオン西荻窪,8.1,19.13,2,20,1,1
アイオン西荻窪,8.1,19.13,2,20,1,1
ＪＲ中央線 西荻窪駅 5階建 築2年,8.1,19.13,2,24,1,1
ＪＲ総武線 西荻窪駅 5階建 築2年,8.1,19.13,2,25,1,1
京王井の頭線 高井戸駅 10階建 築17年,8.4,28,17,21,1,1
アイオン西荻窪,8.1,19.13,2,22,1,1
DC阿佐ヶ谷,7.5,19.79,2,14,1,0
東京メトロ丸ノ内線 南阿佐ヶ谷駅 2階建 築9年,8,24.21,9,18,1,0
DC阿佐ヶ谷,7.3,20.58,2,14,1,0
ニシオギソウ 09号室,9.5,22.35,0,18,1,0
ソフィアオランジェ(家具付）,6.5,9.41,1,11,0,1
ＪＲ中央線 阿佐ヶ谷駅 2階建 築12年,5.7,10.5,12,12,0,1
ライフピアマノワール,5.7,10.5,12,12,0,1
ネオハイツ西荻窪,7.1,22.33,20,27,1,0
Ｇｌａｎｚ西萩北,7.5,19.48,2,13,1,0
ＪＲ中央線 西荻窪駅 2階建 築2年,7.5,19.48,2,13,1,1
ファーストハウス西荻窪,5.9,10.02,3,15,0,1
ＪＲ中央線 阿佐ヶ谷駅 2階建 築2年,6.8,15.01,2,11,1,0
ＪＲ中央線 阿佐ヶ谷駅 2階建 築2年,6.8,15.01,2,11,1,0
ＪＲ中央線 阿佐ヶ谷駅 2階建 築2年,6.8,15.01,2,11,1,0
ヴィブレ西荻,8.4,24.98,12,20,1,1
ライフピア・リヴェール 103号室,4.9,10.57,12,13,0,1
ＪＲ中央線 阿佐ヶ谷駅 2階建 築12年,4.9,10.57,12,13,0,1
ライフピア・リヴェール,4.9,10.57,12,13,0,1
ライフピア・リヴェール 103号室,4.9,10.57,12,13,0,1
ライフピア・リヴェール 103号室,4.9,10.57,12,13,0,1
ライフピア・リヴェール 103号室,4.9,10.57,12,13,0,1
ライフピア・リヴェール 103号室,4.9,10.57,12,13,0,1
ライフピア・リヴェール 103号室,4.9,10.57,12,13,0,1
ライフピア・リヴェール 103号室,4.9,10.57,12,13,0,1
ライフピア・リヴェール 103号室,4.9,10.57,12,13,0,1
ＪＲ総武線 阿佐ヶ谷駅 5階建 築13年,10,22.56,13,17,1,1
マルベリー　コート,8.9,27.29,5,22,1,1
ＪＲ中央線 西荻窪駅 2階建 築2年,7.5,19.48,2,13,1,1
ＪＲ中央線 西荻窪駅 2階建 築2年,7.5,19.48,2,13,1,1
ＪＲ総武線 西荻窪駅 5階建 築12年,10,32.39,12,21,1,1
ＪＲ中央線 西荻窪駅 5階建 築11年,11.9,35.85,11,25,1,1
ＪＲ中央線 西荻窪駅 5階建 築11年,11.9,35.85,11,27,1,1
アクシア西荻窪 105号室,11.9,35.85,11,23,1,1
ＪＲ中央線 阿佐ヶ谷駅 2階建 築17年,5.8,16.71,17,13,1,0
ＪＲ中央線 阿佐ヶ谷駅 2階建 築2年,7.3,20.58,2,14,1,0
Maison Blanche,5.9,20.08,9,25,1,0
AXIA西荻窪,11.9,35.85,11,26,1,1
ＪＲ中央線 西荻窪駅 5階建 築11年,11.9,35.85,11,20,1,1
ＪＲ中央線 西荻窪駅 5階建 築11年,11.9,35.85,11,20,1,1
DC阿佐ヶ谷,6.8,15.01,2,14,1,0
DC阿佐ヶ谷,6.8,15.01,2,14,1,0
ＤＣ阿佐ヶ谷 0101号室,6.8,15.01,2,14,1,0
ＤＣ阿佐ヶ谷 0101号室,6.8,15.01,2,14,1,0
ＤＣ阿佐ヶ谷 0101号室,6.8,15.01,2,14,1,0
ＤＣ阿佐ヶ谷 0101号室,6.8,15.01,2,14,1,0
ＤＣ阿佐ヶ谷 0101号室,6.8,15.01,2,14,1,0
ＤＣ阿佐ヶ谷 0101号室,6.8,15.01,2,14,1,0
ＪＲ総武線 阿佐ヶ谷駅 2階建 築2年,6.8,15.01,2,14,1,0
ＪＲ総武線 阿佐ヶ谷駅 2階建 築2年,6.8,15.01,2,14,1,0
ＤＣ阿佐ヶ谷,6.8,15.01,2,14,1,0
ＤＣ阿佐ヶ谷 0101号室,6.8,15.01,2,14,1,0
DC阿佐ヶ谷,6.8,15.01,2,14,1,0
ＤＣ阿佐ヶ谷 0101号室,6.8,15.01,2,14,1,0
DC阿佐ヶ谷,6.8,15.01,2,14,1,0
ＤＣ阿佐ヶ谷 0101号室,6.8,15.01,2,14,1,0
ＪＲ中央線 阿佐ヶ谷駅 2階建 築2年,6.8,15.01,2,14,1,0
ＤＣ阿佐ヶ谷 0101号室,6.8,15.01,2,14,1,0
ＤＣ阿佐ヶ谷 0101号室,6.8,15.01,2,14,1,0
京王井の頭線 高井戸駅 2階建 築4年,6.8,19.35,4,20,1,0
ＩＬＳＯＬＥ　Kamiogi 201号室,6.9,22.01,22,6,1,1
西武新宿線 下井草駅 2階建 築25年,5.5,16,25,30,0,0
パレ・ホームズ高井戸,7.4,20.44,15,21,1,1
アドバンス高井戸,5.1,12.2,17,25,0,0
ＪＲ中央線 西荻窪駅 5階建 築11年,11.9,35.85,11,23,1,1
Ｐａｉｎｓ西荻,6.4,19.85,32,13,0,0
南阿佐ヶ谷シティハウス,7,18,30,16,0,1
フェリーチェ上井草A,6.1,16.09,0,15,1,1
ASUKAII-A,5.2,12.25,30,9,0,0
ASUKAII-A,5.2,12.25,30,9,0,0
ＪＲ中央線 阿佐ヶ谷駅 3階建 築30年,5.2,12.25,30,9,1,0
ＪＲ中央線 阿佐ヶ谷駅 3階建 築30年,5.2,12.25,30,9,1,0
ＪＲ中央線 西荻窪駅 2階建 築29年,5.5,17,29,23,0,0
ファミール西荻 102号室,5.8,17,30,20,0,0
ｍｙ　ｐｌａｎ阿佐谷北,5.5,11.48,11,15,0,0
ＤＣ阿佐ヶ谷 0101号室,6.8,15.01,2,14,1,0
ＪＲ中央線 西荻窪駅 2階建 築29年,5.2,17,29,23,0,0
ASUKAII-A,4.7,12.25,30,9,0,0
ＪＲ中央線 阿佐ヶ谷駅 3階建 築30年,4.7,12.25,30,9,1,0
ＪＲ中央線 阿佐ヶ谷駅 2階建 築30年,4.7,12.25,30,9,0,0
ASUKAII-A,4.7,12.25,30,9,0,0
ＪＲ中央線 阿佐ヶ谷駅 3階建 築30年,4.7,12.25,30,9,1,0
ハイデンスニイクラ,6.3,16.56,27,26,0,0
スカイコート西荻窪第２,6.9,18.64,23,27,1,1
ＪＲ中央線 西荻窪駅 6階建 築32年,5.9,18.17,32,13,0,1
ＤＣ阿佐ヶ谷,7.5,19.79,2,15,1,0
ＤＣ阿佐ヶ谷,7.5,19.79,2,15,1,0
ＤＣ阿佐ヶ谷,7.5,19.79,2,15,1,0
ＤＣ阿佐ヶ谷,7.5,19.79,2,15,1,0
ＪＲ中央線 阿佐ヶ谷駅 3階建 築31年,6.5,18.7,31,15,0,1
ＪＲ中央線 阿佐ヶ谷駅 3階建 築31年,6.5,18.7,31,15,0,1
グレイスヴィラ,5.3,17.52,27,11,0,0
グレイスヴィラ,5.3,17.52,27,11,0,0
グレイスヴィラ,5.3,17.52,27,11,0,0
グレイスヴィラ,5.3,17.52,27,11,0,0
グレイスヴィラ,5.3,17.52,27,11,0,0
グレイスヴィラ,5.3,17.52,27,11,0,0
グレイスヴィラ,5.3,17.52,27,11,0,0
グレイスヴィラ,5.3,17.52,27,11,0,0
グレイスヴィラ,5.3,17.52,27,11,0,0
グレイスヴィラ,5.3,17.52,27,11,0,0
グレイスヴィラ,5.3,17.52,27,11,0,0
グレイスヴィラ,5.3,17.52,27,11,0,0
グレイスヴィラ,5.3,17.52,27,11,0,0
グレイスヴィラ,5.3,17.52,27,11,0,0
東京メトロ丸ノ内線 南阿佐ヶ谷駅 2階建 築27年,5.3,17.52,27,11,0,0
グレイスヴィラ,5.3,17.52,27,11,0,0
グレイスヴィラ,5.3,17.52,27,11,0,0
グレイスヴィラ,5.3,17.52,27,11,0,0
Ｊハウス,5.9,14.57,29,15,1,0
セジュール井荻,5.6,20.03,30,28,1,0
東京メトロ丸ノ内線 南阿佐ヶ谷駅 8階建 築30年,7,18,30,14,0,1
ＤＣ阿佐ヶ谷,6.8,15.01,2,16,1,0
ＤＣ阿佐ヶ谷,6.8,15.01,2,16,1,0
ＪＲ総武線 阿佐ヶ谷駅 2階建 築2年,6.8,15.01,2,14,1,0
ＤＣ阿佐ヶ谷,6.8,15.01,2,16,1,0
ＤＣ阿佐ヶ谷,6.8,15.01,2,16,1,0
京王井の頭線 高井戸駅 4階建 築31年,7.4,25.3,31,18,0,0
ARK　HOUSE ASAGAYA 106号室,8.2,17.75,31,18,1,1
ロフトステージ,4.5,14.18,31,29,0,0
ジョイフル高井戸弐番館,5.2,16.06,33,20,0,1
京王井の頭線 高井戸駅 5階建 築33年,5.2,16.06,33,20,0,1
ＪＲ中央線 阿佐ヶ谷駅 2階建 築32年,4.6,11,32,13,0,0
京王井の頭線 高井戸駅 2階建 築7年,7.6,21.75,7,22,1,0
東京メトロ丸ノ内線 南阿佐ヶ谷駅 2階建 築27年,5.3,17.52,27,13,0,0
西武新宿線 下井草駅 2階建 築40年,7.5,32.4,40,11,1,0
ＪＲ中央線 西荻窪駅 地下1地上3階建 築29年,6.9,20.83,29,22,0,1
スカイハイツ,5.5,19.44,39,24,0,0
スカイハイツ,5.5,19.44,39,24,0,0
サニーコート,6.1,18,28,16,0,0
サニーコート,6,18,28,16,0,0
ハイムノダ 303号室,7.5,18,32,16,1,0
グローリア初穂阿佐ヶ谷,6,16.65,31,15,0,1
東京メトロ丸ノ内線 南阿佐ヶ谷駅 4階建 築31年,6,16.65,31,15,0,1
ファミール西荻 102号室,5.5,13.3,30,14,0,0
パーシモンヒル,5.3,23.52,34,7,0,0
ＪＲ中央線 西荻窪駅 3階建 築30年,4.7,14,30,17,0,1
カーサ・ラミア 202号室,4.7,9.5,30,17,0,0
プラザ忠月,5.7,14.17,38,21,0,0
ペアパレス西荻窪,4.9,12.15,29,7,0,0
ペアパレス西荻窪,4.9,12.15,29,7,0,0
ＪＲ中央線 西荻窪駅 3階建 築35年,6,17.01,35,21,0,0
ＪＲ中央線 西荻窪駅 3階建 築35年,6,17.01,35,21,0,0
ＪＲ中央線 阿佐ヶ谷駅 2階建 築32年,4.6,13,32,19,0,0
ラフォーレ高井戸1,4.1,15,36,21,0,1
メゾン天沼 102号室,4.8,15,30,15,0,0
エコロジースクエア阿佐ヶ谷 203号室,5.3,14,31,12,0,0
メゾンドベニール,3.9,13.27,35,7,0,0
ＪＲ中央線 阿佐ヶ谷駅 3階建 築30年,7,25,30,20,1,0
東京メトロ丸ノ内線 南阿佐ヶ谷駅 2階建 築28年,4.9,11.5,28,16,0,0
メゾン・ド・スィエール 202号室,4.9,15.27,37,20,0,0
メゾン・ド・スィエール 205号室,4.9,15.27,37,20,0,0
メゾン・ド・スィエール 205号室,4.9,15.27,37,20,0,0
ＪＲ総武線 西荻窪駅 4階建 築37年,4.9,15.27,37,20,0,0
メゾン・ド・スィエール 205号室,4.9,15.27,37,20,0,0
ＪＲ中央線 西荻窪駅 4階建 築37年,4.9,15.27,37,20,0,0
メゾン・ド・リヨン 106号室,4.6,13.68,37,13,0,0
メゾン・ド・リヨン 106号室,4.6,13.68,37,16,0,0
メゾン・ド・リヨン 106号室,4.6,13.68,37,13,0,0
ＪＲ中央線 阿佐ヶ谷駅 4階建 築36年,8.7,28.08,36,23,1,1
京王井の頭線 高井戸駅 2階建 築32年,4.9,19,32,27,0,1
京王井の頭線 高井戸駅 2階建 築32年,4.8,19,32,27,0,1
ＪＲ中央線 西荻窪駅 2階建 築29年,4.9,12.15,29,30,0,0
ライフピアテイスト,5,12.15,30,20,0,0
大桃宅,6,20.23,46,16,1,0
サンライズハウス,4.9,17,48,13,0,0
ユーコート桃井,5.2,16.2,35,28,0,0
第一コ－ポ石原,5.4,12.7,32,18,0,0
ガーデンコート高井戸,7.8,19.67,0,21,1,1
ガーデンコート高井戸,7.8,19.67,0,21,1,1
ＪＲ中央線 西荻窪駅 4階建 築6年,8.9,20.52,6,24,1,1
ＪＲ中央線 西荻窪駅 4階建 築6年,8.9,20.52,6,24,1,1
サンクレール高井戸 704号室,8.4,28,17,9,1,1
サンクレール高井戸,8.4,28,17,21,1,1
京王井の頭線 高井戸駅 10階建 築17年,8.4,28,17,26,1,1
サンクレール高井戸,8.4,28,17,24,1,1
サンクレール高井戸,8.5,28,17,8,1,1
サンクレール高井戸,8.5,28,17,23,1,1
サンクレール高井戸 904号室,8.5,28,17,9,1,1
ガーデンコート高井戸,7.8,19.67,0,15,1,1
ニシオギソウ 05号室,9.5,22.35,0,18,1,0
ＪＲ中央線 西荻窪駅 2階建 新築,9.5,21.53,0,16,1,1
京王井の頭線 高井戸駅 2階建 築3年,8.2,20.68,3,18,1,0
ＪＲ総武線 阿佐ヶ谷駅 3階建 築5年,9.4,25.48,5,10,1,1
サークルハウス西荻北,6.2,13.7,4,26,0,0
サークルハウス西荻北,6.2,13.7,4,26,0,0
サークルハウス西荻北 203号室,6.2,13.7,4,24,1,0
東京メトロ丸ノ内線 南阿佐ヶ谷駅 2階建 築5年,7.3,18.76,5,15,1,0
カルームＫ 101号室,7.2,17,12,17,1,0
パインツリー 201号室,6.3,19.8,20,18,0,0
ＪＲ中央線 阿佐ヶ谷駅 2階建 築20年,6.3,19.8,20,18,0,0
西武新宿線 下井草駅 5階建 築13年,8,29.34,13,34,1,1
プレール・ドゥーク下井草,8,29.34,13,34,1,1
ＪＲ中央線 阿佐ヶ谷駅 3階建 築10年,7.7,24.01,10,25,1,1
アゼリヤ西荻,8.9,30.24,10,19,1,1
ＪＲ中央線 阿佐ヶ谷駅 2階建 築2年,7.5,19.79,2,11,1,0
ＪＲ中央線 阿佐ヶ谷駅 2階建 築2年,7.5,19.79,2,11,1,0
K-house西荻窪,6,14.07,3,24,1,0
ＪＲ中央線 西荻窪駅 2階建 築3年,6,14.07,3,17,1,0
K-house西荻窪,6,14.07,3,24,1,0
ＪＲ中央線 西荻窪駅 2階建 築3年,6,14.07,3,24,1,0
K-house西荻窪,6,14.07,3,24,1,0
ＪＲ中央線 西荻窪駅 2階建 築3年,6,14.07,3,17,1,0
Ｋ－ｈｏｕｓｅ西荻窪,6,14.07,3,23,1,0
Ｋ－ｈｏｕｓｅ西荻窪,6,14.07,3,23,1,0
ポーラスター,8,24.21,9,17,1,0
ポーラスター,8,24.21,9,17,1,0
東京メトロ丸ノ内線 南阿佐ヶ谷駅 2階建 築9年,8,24.21,9,17,1,0
ポーラスター,8,24.21,9,20,1,0
ポーラスター 1E号室,8,24.21,9,18,1,0
ＪＲ中央線 阿佐ヶ谷駅 2階建 築2年,7.3,20.58,2,11,1,0
ＪＲ中央線 阿佐ヶ谷駅 2階建 築2年,7.3,20.58,2,11,1,0
ＪＲ中央線 阿佐ヶ谷駅 2階建 築2年,7.3,20.58,2,11,1,0
西武新宿線 井荻駅 地下1地上3階建 新築,8.7,25.37,0,30,1,1
西武新宿線 井荻駅 3階建 築1年,8.7,25.37,1,30,1,1
西武新宿線 井荻駅 3階建 築1年,8.7,25.23,1,30,1,1
西武新宿線 井荻駅 地下1地上3階建 新築,8.7,25.23,0,30,1,1
G-House,8.7,25.23,1,30,1,1
西武新宿線 井荻駅 地下1地上3階建 新築,8.7,24.41,0,30,1,1
西武新宿線 井荻駅 3階建 築1年,8.7,24.41,1,30,1,1
プレール高井戸,8.6,32.04,21,25,1,1
プレール高井戸,8.6,32.04,21,27,1,1
ライフピアマノワール,5.7,10.5,12,12,0,1
ＪＲ総武線 阿佐ヶ谷駅 2階建 築12年,5.7,10.05,12,12,0,1
ＪＲ中央線 西荻窪駅 2階建 築2年,5.7,9.96,2,30,1,1
ＪＲ中央線 西荻窪駅 2階建 築2年,5.7,9.96,2,31,1,1
ＪＲ中央線 西荻窪駅 2階建 築2年,5.7,9.96,2,30,1,1
フェリスクラリティー,5.7,9.96,2,31,0,1
西武新宿線 井荻駅 地下1地上3階建 新築,9.1,32.73,0,30,1,1
西武新宿線 井荻駅 3階建 築1年,9.1,31.7,1,30,1,1
西武新宿線 井荻駅 地下1地上3階建 新築,9.1,31.7,0,30,1,1
西武新宿線 井荻駅 地下1地上3階建 新築,9.1,30.57,0,30,1,1
ＪＲ中央線 西荻窪駅 2階建 築18年,6.6,19.33,18,20,1,0
ボナール西荻,6.6,19.33,18,19,1,0
ボナール西荻,6.6,19.33,18,19,1,0
ボナール西荻,6.6,19.33,18,19,1,0
ＪＲ中央線 西荻窪駅 5階建 築24年,6.5,18.46,24,13,0,1
ＪＲ中央線 西荻窪駅 5階建 築24年,6.5,18.46,24,13,0,1
ＪＲ中央線 西荻窪駅 5階建 築24年,6.5,18.46,24,13,0,1
ヴィラージュ　モカ　西荻窪,10.5,32.37,8,25,1,1
Villa21,9,23.38,15,23,1,1
ＪＲ総武線 阿佐ヶ谷駅 2階建 築10年,7.7,19.12,10,18,1,0
京王井の頭線 高井戸駅 5階建 築16年,7.4,20.44,16,18,1,1
京王井の頭線 高井戸駅 8階建 築12年,7.1,22.63,12,30,1,1
ＪＲ総武線 西荻窪駅 5階建 築12年,8.4,24.98,12,20,1,1
ヴィブレ西荻,8.4,24.98,12,21,1,1
ＪＲ中央線 西荻窪駅 5階建 築12年,8.4,24.98,12,21,1,1
アーバンプレイス阿佐ヶ谷West,6.1,9.93,5,15,0,1
アーバンプレイス阿佐ヶ谷ＷＥＳＴ,6.1,9.93,5,15,0,1
ＪＲ中央線 阿佐ヶ谷駅 2階建 築12年,4.9,10.57,12,13,0,1
ライフピア リヴェール,4.9,10.57,12,13,0,1
ライフピア・リヴェール,4.9,10.57,12,14,0,1
ＪＲ中央線 阿佐ヶ谷駅 2階建 築12年,4.9,10.57,12,13,0,1
ライフピア・リヴェール 103号室,4.9,10.57,12,13,0,1
ライフピア・リヴェール,4.9,10.57,12,13,0,1
ＪＲ総武線 阿佐ヶ谷駅 2階建 築12年,4.9,10.57,12,13,0,1
ライフピア・リヴェール 103号室,4.9,10.57,12,13,0,1
ライフピア・リヴェール 103号室,4.9,10.57,12,13,0,1
ライフピア・リヴェール 103号室,4.9,10.57,12,13,0,1
ライフピア・リヴェール 103号室,4.9,10.57,12,13,0,1
ライフピア・リヴェール,4.9,10.57,12,13,0,1
ライフピア・リヴェール,4.9,10.57,12,13,0,1
ライフピア・リヴェール,4.9,10.57,12,13,0,1
ライフピア・リヴェール,4.9,10.57,12,13,0,1
ライフピア・リヴェール,4.9,10.57,12,13,0,1
ＪＲ総武線 西荻窪駅 3階建 築5年,8.9,27.29,5,22,1,1
DC阿佐ヶ谷,7.5,19.79,2,14,1,0
DC阿佐ヶ谷,7.5,19.79,2,14,1,0
ＤＣ阿佐ヶ谷,7.5,19.79,2,14,1,0
ＪＲ中央線 阿佐ヶ谷駅 2階建 築2年,7.5,19.79,2,14,1,0
DC阿佐ヶ谷,7.5,19.79,2,14,1,0
ＤＣ阿佐ヶ谷,7.5,19.79,2,14,1,0
ＤＣ阿佐ヶ谷,7.5,19.79,2,14,1,0
ＪＲ中央線 阿佐ヶ谷駅 2階建 築2年,7.5,19.79,2,14,1,0
DC阿佐ヶ谷,7.5,19.79,2,13,1,0
DC阿佐ヶ谷,7.5,19.79,2,14,1,0
ＪＲ中央線 阿佐ヶ谷駅 2階建 築2年,7.5,19.79,2,14,1,0
DC阿佐ヶ谷,7.5,19.79,2,14,1,0
ＪＲ中央線 阿佐ヶ谷駅 2階建 築2年,7.5,19.79,2,14,1,0
ＪＲ中央線 阿佐ヶ谷駅 2階建 築2年,7.5,19.79,2,14,1,0
京王井の頭線 富士見ヶ丘駅 2階建 築4年,8.5,35.59,4,29,1,0
アゼリヤ西荻,10.3,33.46,10,18,1,1
ＪＲ中央線 阿佐ヶ谷駅 2階建 築17年,5.8,16.71,17,13,1,0
ＪＲ総武線 阿佐ヶ谷駅 2階建 築17年,5.8,16.71,17,13,1,0
ＪＲ中央線 阿佐ヶ谷駅 2階建 築17年,5.8,16.71,17,15,1,0
ＪＲ中央線 阿佐ヶ谷駅 2階建 築17年,5.8,16.71,17,13,1,0
ファーストハウス西荻窪,6.1,9.87,3,15,0,1
ファーストハウス西荻窪,6.1,9.87,3,15,0,1
DC阿佐ヶ谷,7.3,20.58,2,14,1,0
DC阿佐ヶ谷,7.3,20.58,2,14,1,0
ＤＣ阿佐ヶ谷 0203号室,7.3,20.58,2,14,1,0
DC阿佐ヶ谷,7.3,20.58,2,14,1,0
ＤＣ阿佐ヶ谷 0203号室,7.3,20.58,2,14,1,0
ＤＣ阿佐ヶ谷 0203号室,7.3,20.58,2,14,1,0
ＤＣ阿佐ヶ谷 0203号室,7.3,20.58,2,14,1,0
DC阿佐ヶ谷,7.3,20.58,2,14,1,0
ＪＲ中央線 阿佐ヶ谷駅 2階建 築2年,7.3,20.58,2,14,1,0
ＤＣ阿佐ヶ谷,7.3,20.58,2,14,1,0
ＤＣ阿佐ヶ谷 0203号室,7.3,20.58,2,14,1,0
DC阿佐ヶ谷,7.3,20.58,2,14,1,0
ＪＲ中央線 阿佐ヶ谷駅 2階建 築2年,7.3,20.58,2,14,1,0
ＤＣ阿佐ヶ谷 0203号室,7.3,20.58,2,14,1,0
ＤＣ阿佐ヶ谷 0203号室,7.3,20.58,2,14,1,0
ＤＣ阿佐ヶ谷 0203号室,7.3,20.58,2,14,1,0
ＤＣ阿佐ヶ谷 0203号室,7.3,20.58,2,14,1,0
ＪＲ中央線 阿佐ヶ谷駅 2階建 築2年,7.3,20.58,2,14,1,0
ＪＲ中央線 阿佐ヶ谷駅 2階建 築2年,7.3,20.58,2,14,1,0
ＤＣ阿佐ヶ谷 0203号室,7.3,20.58,2,14,1,0
ＤＣ阿佐ヶ谷 0203号室,7.3,20.58,2,14,1,0
ＤＣ阿佐ヶ谷,7.3,20.58,2,14,1,0
レスト佐武,6.5,13.98,17,30,1,0
カフェレジデンス阿佐ヶ谷,7.2,20.59,2,20,1,1
カフェレジデンス阿佐ヶ谷,7.2,20.59,2,11,1,1
ＪＲ中央線 阿佐ヶ谷駅 2階建 築24年,6.1,20.09,24,20,1,0
ＪＲ中央線 西荻窪駅 3階建 築5年,9.3,27.29,5,22,1,1
ファーストハウス西荻窪,5.9,10.02,3,15,0,1
カステーロ・フチ,8.5,22.92,30,32,1,0
ＪＲ中央線 阿佐ヶ谷駅 2階建 築22年,5.2,14,22,20,0,0
ＪＲ中央線 阿佐ヶ谷駅 2階建 築22年,5.2,14,22,20,0,0
京王井の頭線 高井戸駅 5階建 築15年,6.5,19.99,15,22,1,1
パレ・ホームズ高井戸II,6.5,19.99,15,20,1,1
京王井の頭線 高井戸駅 2階建 築15年,8.9,36.85,15,25,1,0
ＪＲ中央線 阿佐ヶ谷駅 2階建 築22年,5,14,22,20,0,0
東京メトロ丸ノ内線 南阿佐ヶ谷駅 2階建 築25年,6,19.83,25,18,1,0
サンパレス成田東ｐａｒｔII 103号室,6,19.83,25,18,1,0
パレ・ホームズ高井戸,7.4,20.44,15,21,1,1
パルクベール井荻,6.6,18.17,21,30,1,1
フラット久我山,4.6,10.94,13,29,0,1
京王井の頭線 三鷹台駅 2階建 築19年,5.8,18.36,19,21,1,0
セードルＭ,5.8,18.36,19,21,1,0
フラット久我山,4.5,12.35,13,29,0,1
グレイス高井戸I,8.9,36.85,15,15,1,0
京王井の頭線 高井戸駅 2階建 築15年,8.9,36.85,15,28,1,0
京王井の頭線 高井戸駅 2階建 築15年,8.9,36.85,15,28,1,0
京王井の頭線 高井戸駅 2階建 築15年,8.9,35.85,15,16,1,0
フラット久我山,4.4,10.94,13,29,0,1
ＪＲ中央線 西荻窪駅 2階建 築28年,6,19.87,28,27,1,0
ＪＲ中央線 西荻窪駅 2階建 築28年,6.4,19.87,28,25,1,0
ＪＲ中央線 西荻窪駅 2階建 築28年,6.4,19.87,28,25,1,0
ＪＲ総武線 西荻窪駅 5階建 築12年,10,32.39,12,20,1,1
ＪＲ総武線 西荻窪駅 5階建 築12年,10,32.39,12,20,1,1
ＪＲ中央線 西荻窪駅 5階建 築12年,10,32.39,12,21,1,1
ヴィブレ西荻,10,32.39,12,21,1,1
ヴィブレ西荻 206号室,10,32.39,12,16,1,1
ＤＣ阿佐ヶ谷 0203号室,7.3,20.58,2,14,1,0
フェリーチェ上井草A,6.4,15.12,0,15,1,1
ＪＲ中央線 西荻窪駅 5階建 築19年,7.5,18.21,19,22,0,0
ＪＲ中央線 西荻窪駅 5階建 築19年,7.5,18.21,19,22,0,0
GEM,6.8,20.63,16,25,1,1
フェリーチェ上井草A,6.3,15.12,0,15,1,1
フェリーチェ上井草A,6.3,15.12,0,15,1,1
ＣＯＲＰ・ＯＬＹＮＰＩＡ,5.9,17.33,29,18,0,0
第2Uハイツ,6.5,20.37,27,18,1,0
第2Uハイツ,6.5,20.27,27,18,1,0
第2Ｕハイツ 206号室,6.5,20.27,27,16,1,0
第２Ｕハイツ 206号室,6.5,20.27,27,15,1,0
ＪＲ中央線 阿佐ヶ谷駅 2階建 築27年,7.3,21.48,27,17,1,0
ＪＲ中央線 阿佐ヶ谷駅 2階建 築27年,7.3,21.48,27,15,1,0
フェリーチェ上井草A,6.1,16.09,0,15,1,1
フェリーチェ上井草A,6.1,16.09,0,15,1,1
フェリーチェ上井草A,6,15.12,0,15,1,1
フェリーチェ上井草A,6,15.12,0,15,1,1
ＪＲ中央線 西荻窪駅 2階建 築24年,6.5,19.87,24,22,0,0
京王井の頭線 高井戸駅 2階建 築4年,6.8,19.35,4,20,1,0
サンパレス成田東II,6,19.83,29,17,1,0
ホーユーハウス,6,18.5,29,16,0,0
ＪＲ中央線 阿佐ヶ谷駅 2階建 築27年,6,18.5,27,17,1,0
ホーユーハウス 102号室,6,18.5,27,17,0,0
ヴィレッジ・コア,5.7,19.31,30,9,0,0
ＪＲ中央線 阿佐ヶ谷駅 3階建 築17年,7.5,24.6,17,17,1,1
ARK　HOUSE ASAGAYA 106号室,8.2,17.75,31,18,1,1
ARK　HOUSE ASAGAYA 106号室,8.2,17.75,31,18,1,1
ＪＲ中央線 阿佐ヶ谷駅 2階建 築30年,6,18.5,30,18,0,0
ホーユーハウス,6,18.5,30,18,0,0
ＪＲ中央線 西荻窪駅 2階建 築27年,5.7,15,27,15,0,0
ＪＲ中央線 阿佐ヶ谷駅 2階建 築27年,5.7,14.87,27,19,1,0
ＪＲ中央線 阿佐ヶ谷駅 2階建 築27年,5.7,14.87,27,20,1,0
ＪＲ中央線 阿佐ヶ谷駅 2階建 築27年,5.7,14.87,27,20,1,0
スカイコート西荻窪第２,6.9,18.64,23,27,1,1
スカイコート西荻窪第2,6.9,18.64,23,27,1,1
ＪＲ中央線 西荻窪駅 5階建 築23年,6.9,18.64,23,27,1,1
ガーデンハイム阿佐谷,6.3,16.4,31,19,0,0
東京メトロ丸ノ内線 南阿佐ヶ谷駅 3階建 築31年,6.3,16.4,31,18,0,0
メゾントマト,6,16.2,28,24,0,0
ＪＲ総武線 阿佐ヶ谷駅 2階建 築27年,4.9,15.87,27,9,0,0
ＪＲ総武線 阿佐ヶ谷駅 2階建 築2年,7.5,19.79,2,14,1,0
ミツヤハイム,5.9,16.8,30,19,0,0
シャルマン,6.3,19,29,27,0,0
ＤＣ阿佐ヶ谷,7.3,20.58,2,16,1,0
ＤＣ阿佐ヶ谷,7.3,20.58,2,16,1,0
ＤＣ阿佐ヶ谷,7.3,20.58,2,16,1,0
ＤＣ阿佐ヶ谷,7.3,20.58,2,16,1,0
ＪＲ中央線 阿佐ヶ谷駅 2階建 築28年,5,10,28,15,1,0
東京メトロ丸ノ内線 南阿佐ヶ谷駅 2階建 築25年,6,19.83,25,18,1,0
ＪＲ中央線 西荻窪駅 2階建 築34年,6.5,18,34,13,1,0
ＪＲ中央線 西荻窪駅 2階建 築34年,6.5,18,34,13,1,0
ＪＲ中央線 西荻窪駅 2階建 築34年,6.5,18,34,13,1,0
シェーヌ西荻 103号室,5.5,17,28,17,0,0
ローザ西荻窪,6.7,18.88,30,22,0,1
メゾン・ド・スバル 203号室,6.5,18.7,31,13,0,0
メゾンドスバル,6.5,18.7,31,13,0,0
東京メトロ丸ノ内線 南阿佐ヶ谷駅 4階建 築31年,6.5,18.7,31,13,0,1
シャルマン,6,19,29,27,0,0
シャルマン,6,19,29,27,0,0
シャルマン,6,19,29,27,0,0
ロイヤル下井草,5.5,18.23,30,35,0,0
ハウスロジェ 0003号室,6.3,20.7,34,7,1,0
サンクレスト 202号室,5.7,16.91,23,34,1,0
ＪＲ中央線 阿佐ヶ谷駅 2階建 築29年,5.5,16.5,29,19,0,0
Ｔｈｅ　Ｆｏｒｔｒｅｓｓ,5.3,19.87,30,13,0,0
Ｔｈｅ　Ｆｏｒｔｒｅｓｓ,5.3,19.87,30,13,0,0
Ｔｈｅ　Ｆｏｒｔｒｅｓｓ,5.3,19.87,30,14,0,0
ＪＲ中央線 阿佐ヶ谷駅 2階建 築30年,5.3,19.87,30,13,0,0
ＪＲ中央線 阿佐ヶ谷駅 2階建 築30年,5.3,19.87,30,14,0,0
Ｔｈｅ　Ｆｏｒｔｒｅｓｓ 101号室,5.3,19.87,30,13,0,0
ＪＲ中央線 阿佐ヶ谷駅 2階建 築30年,5.3,14,30,17,0,0
ＪＲ中央線 西荻窪駅 3階建 築30年,6.9,26.34,30,20,0,1
ＪＲ中央線 西荻窪駅 3階建 築30年,6.9,26.34,30,20,0,1
ＪＲ中央線 阿佐ヶ谷駅 2階建 築28年,8.7,36,28,11,1,0
ハイツシャガール,5.3,16.74,28,24,0,0
フジハイツ阿佐ヶ谷,5.2,14,30,19,0,0
フジハイツ阿佐ヶ谷,5.2,14,30,19,0,0
ＪＲ中央線 阿佐ヶ谷駅 3階建 築30年,5.2,12.25,30,9,1,0
ＪＲ中央線 阿佐ヶ谷駅 3階建 築30年,5.2,12.25,30,9,1,0
ＡＲＫ　ＨＯＵＳＥ　ＡＳＡＧＡＹＡ,8.2,17.75,31,18,1,1
ＡＲＫ　ＨＯＵＳＥ　ＡＳＡＧＡＹＡ,8.2,17.75,31,18,1,1
ＪＲ中央線 阿佐ヶ谷駅 3階建 築31年,8.2,17.75,31,18,0,1
ＣＡＳＡ　ＩＯ,6.2,21.87,30,25,0,0
東京メトロ丸ノ内線 南阿佐ヶ谷駅 4階建 築31年,6.5,18.7,31,14,0,1
メゾンドスバル,6.5,18.7,31,12,0,0
メゾン・ド・スバル,6.5,18.7,31,15,0,0
クリスタル南阿佐ヶ谷II 205号室,5.9,16.12,34,11,0,0
クリスタル南阿佐ヶ谷II 205号室,5.9,16.12,34,11,0,0
ミツヤハイム 102号室,5.6,16.8,30,17,0,0
ミツヤハイム 102号室,5.6,16.8,30,17,0,0
ＪＲ中央線 阿佐ヶ谷駅 2階建 築30年,5,14,30,19,0,0
フジハイツ阿佐ヶ谷,5.3,14,31,20,0,0
京王井の頭線 高井戸駅 5階建 築33年,5.4,16.06,33,20,0,1
ジョイフル高井戸弐番館,5.4,16.06,33,20,0,1
ミツヤハイム 102号室,5.9,16.8,30,16,0,0
東京メトロ丸ノ内線 南阿佐ヶ谷駅 2階建 築30年,5.9,16.8,30,16,0,0
東京メトロ丸ノ内線 南阿佐ヶ谷駅 2階建 築30年,5.9,16.8,30,18,0,0
西武新宿線 下井草駅 4階建 築31年,5.7,24.57,31,18,0,0
コーポF,5.5,16.5,29,19,0,0
ＪＲ中央線 西荻窪駅 2階建 築30年,5.5,16,30,21,1,0
ファミール西荻,5.5,16,30,21,0,0
ＪＲ中央線 西荻窪駅 2階建 築30年,5.5,16,30,21,1,0
ＪＲ中央線 西荻窪駅 2階建 築30年,5.5,16,30,21,1,0
ＪＲ中央線 阿佐ヶ谷駅 4階建 築32年,6.5,18.7,32,15,0,0
京王井の頭線 高井戸駅 5階建 築33年,5.2,16.06,33,20,0,1
ジョイフル高井戸弐番館,5.2,16.06,33,20,0,1
ＪＲ中央線 阿佐ヶ谷駅 2階建 築31年,5,14,31,19,0,0
ＪＲ中央線 西荻窪駅 6階建 築32年,6.4,22.26,32,23,0,1
東京メトロ丸ノ内線 南阿佐ヶ谷駅 4階建 築31年,6,16.65,31,18,0,1
パレトーホー阿佐ヶ谷,6,16.28,28,17,0,1
パレトーホー阿佐ヶ谷,6,16.28,28,20,0,1
サンパレス成田東I,5.2,17.01,32,17,0,0
ＪＲ中央線 西荻窪駅 6階建 築32年,5.9,18.17,32,14,0,1
ＪＲ中央線 西荻窪駅 6階建 築32年,5.9,18.17,32,14,0,1
ラフィネ西荻,5.9,18.17,32,14,0,1
ラフィネ西荻,5.9,18.17,32,14,0,1
ラフィネ西荻,5.9,18.17,32,14,0,1
ＪＲ中央線 西荻窪駅 6階建 築32年,5.9,18.17,32,14,0,1
ファミール西荻 102号室,5.2,16,30,20,0,0
ライフピアアロー 101号室,4.2,15,31,25,0,0
メゾン春香,5.8,19.84,32,10,0,0
Patio 202号室,6.6,20.66,27,14,1,0
Ｐａｔｉｏ,6.6,20.66,27,19,1,0
Patio 202号室,6.6,20.66,27,19,1,0
ヴィラホワイト下井草,4.7,16,29,24,0,0
ファミール西荻,5,16,30,20,0,0
東京メトロ丸ノ内線 南阿佐ヶ谷駅 4階建 築35年,5.9,16.12,35,10,0,0
ＪＲ総武線 西荻窪駅 4階建 築35年,5.3,15,35,25,0,1
ロングヒルハイツ阿佐ヶ谷,6,18,34,14,0,0
ドエル杉並,5.8,28,35,14,1,0
ドエル杉並 201号室,5.8,28,35,14,1,0
東京メトロ丸ノ内線 南阿佐ヶ谷駅 4階建 築29年,5.9,16.2,29,16,0,0
ＪＲ中央線 西荻窪駅 3階建 築32年,5.5,16,32,22,0,0
ハイツサンチェリー 102号室,4.2,18,32,25,0,0
ＹａｃｈｉｙｏII,6.9,20.83,29,22,0,1
ＪＲ中央線 西荻窪駅 地下1地上3階建 築29年,6.9,20.83,29,22,0,1
ＪＲ中央線 西荻窪駅 地下1地上3階建 築29年,6.9,20.83,29,22,0,1
ＪＲ中央線 西荻窪駅 地下1地上3階建 築29年,6.9,20.83,29,22,0,1
西武新宿線 井荻駅 2階建 築30年,5.6,20.03,30,28,1,0
西武新宿線 井荻駅 2階建 築30年,5.6,20.03,30,28,1,0
西武新宿線 井荻駅 2階建 築30年,5.6,20.03,30,28,1,0
西武新宿線 井荻駅 2階建 築30年,5.6,20.03,30,28,1,0
ハイツシャガール 202号室,5.3,19.83,28,6,0,0
ハイツリンデンバーム,5,15.58,31,25,0,0
ロイヤル下井草 203号室,5.5,16,30,27,0,0
ライフピアアロー 103号室,4.2,12,31,21,0,0
ＪＲ中央線 西荻窪駅 3階建 築32年,5.2,16,32,22,0,0
コスモス,4.7,21,31,28,0,0
コスモス 101号室,4.7,21,31,26,0,0
ＪＲ中央線 西荻窪駅 2階建 築31年,4.7,21,31,28,0,0
京王井の頭線 高井戸駅 7階建 築33年,5.7,17.5,33,25,0,0
ロングヒルハイツ阿佐ヶ谷,5.5,15,34,14,0,0
ファミール西荻,5.6,13.32,30,21,0,0
グローリア初穂阿佐ヶ谷,6,16.65,31,15,0,1
グローリア初穂阿佐ヶ谷,6,16.65,31,15,0,1
東京メトロ丸ノ内線 南阿佐ヶ谷駅 4階建 築31年,6,16.65,31,15,0,1
末広ビル,5.6,19,34,22,0,0
末広ビル,5.6,19,34,22,0,0
ファミール西荻,5.5,13.32,30,21,0,0
ＪＲ中央線 西荻窪駅 5階建 築28年,6.1,16.64,28,20,0,0
西武新宿線 下井草駅 4階建 築30年,5,16.5,30,27,0,1
ル・シヴァン下井草,5,16.5,30,27,0,1
グローリア初穂阿佐ヶ谷,5.8,16.65,31,15,0,1
グローリア初穂阿佐ヶ谷,5.8,16.65,31,15,0,1
グローリア初穂阿佐ヶ谷 403号室,5.6,16,32,15,0,0
西武新宿線 井荻駅 3階建 築33年,5.4,19.6,33,5,1,0
サンパレス成田東II,6,19.83,32,19,1,0
西武新宿線 井荻駅 7階建 築28年,5.3,16.24,28,16,0,1
ロフトステージ 201号室,4.5,16.38,29,7,0,0
京王井の頭線 高井戸駅 2階建 築32年,5.5,19,32,28,0,1
ＪＲ中央線 西荻窪駅 6階建 築32年,5.9,18.17,32,13,0,1
ＪＲ中央線 西荻窪駅 6階建 築32年,5.9,18.17,32,13,0,1
エステート荻窪 202号室,4.6,11,32,10,0,0
ＡＳＵＫＡII－Ａ 305号室,5.2,12.25,30,12,0,0
ＪＲ中央線 阿佐ヶ谷駅 3階建 築30年,5.2,12.25,30,12,1,0
東京メトロ丸ノ内線 南阿佐ヶ谷駅 4階建 築31年,5.6,16.65,31,15,0,1
グローリア初穂阿佐ヶ谷,5.6,16.65,31,17,0,1
アパートメント梨花,3.9,13.45,34,18,1,0
京王井の頭線 高井戸駅 7階建 築33年,5.7,17.5,33,27,0,0
パールハイツ,5,15.5,30,20,0,0
ライフピアアロー,4.2,13,34,25,0,0
ＪＲ中央線 阿佐ヶ谷駅 2階建 築33年,4.6,11,33,10,0,0
ＪＲ中央線 西荻窪駅 2階建 築36年,5.5,17.01,36,22,0,0
梅村ハイツ,5.5,17.01,36,22,0,0
梅村ハイツ,5.5,17.01,36,22,0,0
ＪＲ中央線 西荻窪駅 2階建 築36年,5.5,17.01,36,22,0,0
ＪＲ中央線 阿佐ヶ谷駅 2階建 築34年,4.8,13.16,34,20,0,0
ＪＲ中央線 阿佐ヶ谷駅 2階建 築34年,4.8,13.16,34,21,0,0
シャトレ中杉,4.8,13.16,34,20,0,0
ＪＲ中央線 阿佐ヶ谷駅 3階建 築30年,4.7,12.25,30,12,1,0
ＡＳＵＫＡII－Ａ 103号室,4.7,12.25,30,12,0,0
トノブール西荻,6,17,35,24,1,0
トノブール西荻,6,17,35,24,1,0
ＪＲ中央線 西荻窪駅 10階建 築32年,6.5,21.42,32,22,0,1
カーサ高井戸 202号室,5,17.16,35,24,0,0
ライフピアアロー 103号室,4.2,12,35,7,0,0
ライフピアアロー,4.2,12,35,7,0,0
富士越コーポ荻窪A,4.2,13,33,13,0,0
梅村ハイツ,5.2,17.01,36,21,0,0
梅村ハイツ 103号室,5.2,17.01,36,21,0,0
東京メトロ丸ノ内線 南阿佐ヶ谷駅 3階建 築36年,5.5,13,36,18,0,0
セントヒルズ久我山 106号室,4.8,14.16,35,25,0,0
ＪＲ総武線 阿佐ヶ谷駅 3階建 築30年,5.5,12.25,30,13,0,0
ＪＲ中央線 阿佐ヶ谷駅 4階建 築35年,5.9,16.12,35,13,0,0
サンハイム浅見,6,15,35,21,0,0
ＪＲ中央線 西荻窪駅 2階建 築35年,6,20.5,35,23,1,0
ＪＲ中央線 西荻窪駅 2階建 築35年,6,20.5,35,23,1,0
アパートメント梨花 10号室,3.9,16.5,34,20,0,0
ＪＲ中央線 西荻窪駅 7階建 築28年,4.8,15,28,23,0,0
ＪＲ中央線 西荻窪駅 7階建 築28年,4.8,15,28,23,0,0
ＪＲ中央線 西荻窪駅 7階建 築28年,4.8,15,28,23,0,0
ＪＲ中央線 阿佐ヶ谷駅 3階建 築31年,5.3,14,31,12,0,1
エミネンスCA 302号室,5.9,22.94,33,20,0,0
フジハイツ阿佐ヶ谷 B203号室,5.2,14,31,18,0,0
フジハイツ阿佐ヶ谷 B203号室,5.2,14,31,18,0,0
ＪＲ中央線 西荻窪駅 4階建 築37年,4.9,15.27,37,25,0,0
フラット井荻 202号室,6.3,19.33,35,6,1,0
京王井の頭線 高井戸駅 2階建 築31年,4.9,17.97,31,25,0,0
ＪＲ中央線 西荻窪駅 5階建 築36年,4.9,14.3,36,22,0,0
ＴＯＰ・西荻,4.9,14.3,36,22,0,0
ＴＯＰ・西荻,4.9,14.3,36,22,0,0
トップ西荻 212号室,4.9,14.3,36,23,0,0
京王井の頭線 高井戸駅 2階建 築31年,4.8,16.73,31,25,0,0
アトリエ,5.4,15.9,29,28,0,0
メゾンユー,5.4,12,29,9,0,0
ベルハイム西荻窪 305号室,6.8,23.86,37,27,0,1
ラ・ガーデニア,4.9,14.9,41,19,0,0
ラ・ガーデニア（旧くちなし荘）,4.9,14.9,41,17,0,0
ラ・ガーデニア 204号室,4.9,14.9,41,18,0,0
ラ・ガーデニア 204号室,4.9,14.9,41,19,0,0
ＪＲ中央線 西荻窪駅 2階建 築41年,4.9,14.9,41,17,0,0
ラ・ガーデニア,4.9,14.9,41,19,0,0
ＪＲ中央線 西荻窪駅 2階建 築41年,4.9,14.9,41,20,0,0
ラ・ガーデニア,4.8,14.9,41,19,0,0
メゾン・ド・パラレール 504号室,4.9,16,35,28,0,0
メゾン・ド・パラレール 504号室,4.9,16,35,28,0,0
メゾン・ド・パラレール 504号室,4.9,16,35,28,0,0
メゾン・ド・パラレール 504号室,4.9,16,35,28,0,0
メゾン・ド・パラレール 504号室,4.9,16,35,28,0,0
メゾン・ド・パラレール 504号室,4.9,16,35,28,0,0
メゾン・ド・パラレール 504号室,4.9,16,35,28,0,0
メゾン・ド・パラレール,4.9,16,35,28,0,0
メゾン・ド・パラレール 504号室,4.9,16,35,28,0,0
メゾン・ド・パラレール,4.9,16,35,28,0,0
東京メトロ丸ノ内線 南阿佐ヶ谷駅 2階建 築28年,4.9,11.5,28,16,0,0
ＪＲ中央線 阿佐ヶ谷駅 2階建 築31年,4.6,13,31,4,0,0
ＪＲ中央線 阿佐ヶ谷駅 2階建 築31年,4.6,13,31,4,0,0
ＪＲ中央線 阿佐ヶ谷駅 2階建 築31年,4.6,13,31,20,0,0
ミントハウス阿佐ヶ谷,4.6,13,31,20,0,0
ミントハウス阿佐ヶ谷,4.6,13,31,12,0,0
ミントハウス阿佐ヶ谷 202号室,4.6,13,31,18,0,0
プラザ忠月,5.7,14.17,38,20,0,0
マ・メゾン西荻窪,6.1,16.64,28,27,0,0
マ・メゾン西荻窪,6.1,16.64,28,27,0,0
メゾン・ド・スィエール 205号室,4.9,15.27,37,20,0,0
メゾン・ド・スィエール 205号室,4.9,15.27,37,20,0,0
メゾン・ド・スィエール 202号室,4.9,15.27,37,20,0,0
メゾン・ド・スィエール 205号室,4.9,15.27,37,20,0,0
メゾン・ド・スィエール 202号室,4.9,15.27,37,20,0,0
メゾン・ド・スィエール 202号室,4.9,15.27,37,20,0,0
メゾン・ド・スィエール 205号室,4.9,15.27,37,20,0,0
メゾン・ド・スィエール 202号室,4.9,15.27,37,20,0,0
メゾン・ド・スィエール 202号室,4.9,15.27,37,20,0,0
メゾン・ド・スィエール 202号室,4.9,15.27,37,20,0,0
メゾン・ド・スィエール 202号室,4.9,15.27,37,20,0,0
メゾン・ド・スィエール 205号室,4.9,15.27,37,20,0,0
メゾン・ド・スィエール 205号室,4.9,15.27,37,20,0,0
メゾン・ド・スィエール 202号室,4.9,15.27,37,20,0,0
メゾン・ド・スィエール 202号室,4.9,15.27,37,20,0,0
メゾン・ド・スィエール 202号室,4.9,15.27,37,20,0,0
ラ・ガーデニア,4.6,14.9,41,19,0,0
メインステージ井荻駅前 305号室,4.2,16.5,32,30,0,1
ライフピアアロー,4.2,14.9,34,23,0,0
ａｎｎｅｘ,6,16.66,28,18,0,0
西武新宿線 井荻駅 4階建 築35年,6.3,19.33,35,10,1,0
プラザ忠月,5.5,14.17,38,21,0,0
ＪＲ中央線 阿佐ヶ谷駅 2階建 築38年,5.5,14.17,38,20,0,0
プラザ忠月 102号室,5.5,14.17,38,20,0,0
ＪＲ中央線 西荻窪駅 2階建 築31年,4.3,16.52,31,24,0,0
サンハイツ西荻,4.3,16.52,31,24,0,0
ＪＲ中央線 阿佐ヶ谷駅 4階建 築37年,4.6,13.68,37,17,0,0
ＪＲ中央線 阿佐ヶ谷駅 4階建 築37年,4.6,13.68,37,16,0,0
メゾン・ド・リヨン 106号室,4.6,13.68,37,13,0,0
メゾン・ド・リヨン 106号室,4.6,13.68,37,13,0,0
メゾン・ド・リヨン 106号室,4.6,13.68,37,13,0,0
メゾン・ド・リヨン 106号室,4.6,13.68,37,13,0,0
メゾン・ド・リヨン 106号室,4.6,13.68,37,13,0,0
西武新宿線 井荻駅 2階建 築44年,5.3,23.14,44,8,1,0
スカイハウス,4.5,12.39,37,14,0,0
スカイハウス,4.5,12.39,37,14,0,0
西武新宿線 井荻駅 4階建 築32年,4.2,16.5,32,5,0,1
エステート荻窪 202号室,4.6,11,33,12,0,0
エステート荻窪 202号室,4.6,11,33,12,0,0
エステート荻窪 202号室,4.6,11,33,12,0,0
ＪＲ中央線 阿佐ヶ谷駅 2階建 築33年,4.6,11,33,12,0,0
エステート荻窪 202号室,4.6,11,33,12,0,0
第二コーポ石原 206号室,6,16,26,15,0,1
第二コーポ石原 206号室,6,16,26,15,0,1
第二コーポ石原 206号室,6,16,26,15,0,1
ＪＲ中央線 阿佐ヶ谷駅 2階建 築26年,6,16,26,15,0,1
第二コーポ石原 206号室,6,16,26,15,0,1
第二コーポ石原 206号室,6,16,26,15,0,1
第二コーポ石原 205号室,5.9,16,26,15,0,1
第二コーポ石原 205号室,5.9,16,26,15,0,1
第二コーポ石原 205号室,5.9,16,26,15,0,1
第二コーポ石原 205号室,5.9,16,26,15,0,1
ＪＲ中央線 阿佐ヶ谷駅 2階建 築26年,5.9,16,26,15,0,1
第2コーポ石原 205号室,5.9,16,26,15,0,1
ＪＲ中央線 阿佐ヶ谷駅 4階建 築37年,4.6,13.68,37,13,0,0
ＪＲ中央線 阿佐ヶ谷駅 2階建 築32年,5.3,16.51,32,13,0,0
ＪＲ中央線 阿佐ヶ谷駅 2階建 築32年,5.3,14,32,13,0,0
ユアパレス天沼 105号室,5.3,14,32,14,0,0
ユアパレス天沼 105号室,5.3,14,32,15,0,0
ユアパレス天沼 105号室,5.3,14,32,15,0,0
ユアパレス天沼,5.3,14,32,13,0,0
ＪＲ中央線 阿佐ヶ谷駅 2階建 築32年,5.3,14,32,13,0,0
ユアパレス天沼 105号室,5.3,14,32,15,0,0
ユアパレス天沼 105号室,5.3,14,32,15,0,0
ユアパレス天沼 105号室,5.3,14,32,15,0,0
ユアパレス天沼,5.3,14,32,13,0,0
ユアパレス天沼 105号室,5.3,14,32,15,0,0
ユアパレス天沼,5.3,14,32,13,0,0
ユアパレス天沼 105号室,5.3,14,32,15,0,0
ユアパレス天沼 105号室,5.3,14,32,15,0,0
ユアパレス天沼 105号室,5.3,14,32,15,0,0
ユアパレス天沼,5.3,14,32,13,0,0
ユアパレス天沼 105号室,5.3,14,32,14,0,0
ユアパレス天沼 105号室,5.3,14,32,15,0,0
ユアパレス天沼 105号室,5.3,14,32,15,0,0
ハイムひまわり,7,19,22,20,1,0
ライフピアアイテム 205号室,4.9,11.1,31,16,0,0
ライフピアアイテム 205号室,4.9,11.1,31,16,0,0
小野荘,3.5,11.18,42,14,0,0
井荻パークハイツ 301号室,3.6,9.45,35,34,0,0
ＪＲ中央線 阿佐ヶ谷駅 2階建 築33年,5.3,14,33,13,0,0
ＪＲ中央線 阿佐ヶ谷駅 2階建 築33年,5.3,14,33,13,0,0
ＪＲ中央線 阿佐ヶ谷駅 2階建 築33年,5.3,14,33,13,0,0
ＪＲ中央線 阿佐ヶ谷駅 3階建 築31年,7,25,31,20,0,1
ＪＲ中央線 阿佐ヶ谷駅 3階建 築31年,7,25,31,20,0,1
ＪＲ中央線 阿佐ヶ谷駅 3階建 築35年,7,25,35,20,1,0
ＪＲ中央線 阿佐ヶ谷駅 3階建 築35年,7,25,35,20,1,0
エステート西荻 706号室,4.8,12.9,35,26,0,0
エステート西荻 603号室,4.8,12.88,35,26,0,0
キャピタルハイツ　　B100,5.9,21,25,17,1,0
西武新宿線 下井草駅 3階建 築45年,5.9,20,45,19,1,0
ライフピアテイスト,4.5,11,30,20,0,0
ライフピアテイスト,4.5,11,30,20,0,0
ライフピアテイスト,4.5,11,30,20,0,0
プラティーク荻窪 208号室,6.3,16.17,32,10,0,1
ＪＲ中央線 阿佐ヶ谷駅 3階建 築32年,6.3,16.17,32,10,0,1
ＪＲ中央線 西荻窪駅 2階建 築34年,4,15,34,20,1,0
サンホワイト西荻,4,15,34,19,0,0
ＪＲ中央線 西荻窪駅 2階建 築34年,4,15,34,18,1,0
ＪＲ中央線 西荻窪駅 2階建 築34年,4,15,34,18,1,0
アリスの家,4.8,17.01,29,25,0,0
ＪＲ総武線 阿佐ヶ谷駅 2階建 築40年,4.5,16,40,20,0,0
ＪＲ中央線 阿佐ヶ谷駅 3階建 築40年,7,25,40,20,1,0
ＪＲ総武線 阿佐ヶ谷駅 3階建 築40年,7,25,40,20,1,0
ＪＲ中央線 阿佐ヶ谷駅 3階建 築40年,7,25,40,20,1,0
ブルーバード荘,2.8,13,43,10,0,0
クレッセンドハイツ,4.3,12.9,37,25,0,0
東京メトロ丸ノ内線 南阿佐ヶ谷駅 2階建 築51年,4.8,13,51,16,0,0
アパートメント梨花 1号室,3.9,16.5,49,20,0,0
アパートメント梨花 10号室,3.9,16.5,49,20,0,0
アパートメント梨花 10号室,3.9,16.5,49,20,0,0
アパートメント梨花 1号室,3.9,16.5,49,20,0,0
アパートメント梨花 1号室,3.9,16.5,49,20,0,0
アパートメント梨花 10号室,3.9,16.5,49,20,0,0
アパートメント梨花 10号室,3.9,16.5,49,20,0,0
アパートメント梨花 1号室,3.9,16.5,49,20,0,0
アパートメント梨花 1号室,3.9,16.5,49,20,0,0
ユーコート桃井 406号室,5.3,16.2,35,6,0,0
ユーコート桃井 403号室,5.2,16.2,35,6,0,0
第１コーポ石原,5.4,16.08,32,18,0,0
第一コ－ポ石原,5.4,12.7,32,18,0,0
ＪＲ中央線 阿佐ヶ谷駅 2階建 築29年,5.2,18,29,16,0,0
ハイツ井草野,5,20.89,40,23,1,0
ハイツ井草野,5,20.89,40,23,1,0
安藤荘 5号室,2.5,12,48,11,0,0
ＲＯＹＡＬ　ＨＥＩＧＨＴＳ　ＫＡＷＡＭＯＴＯ（ロイヤルハイツカワモト）,4.6,16.22,32,8,0,0
ＲＯＹＡＬ　ＨＥＩＧＨＴＳ　ＫＡＷＡＭＯＴＯ（ロイヤルハイツカワモト）,4.5,16.22,32,8,0,0
上荻マンション,4.6,14.5,48,24,0,0
上荻マンション,4.6,14.5,48,24,0,0
鈴木ビル B号室,8,26.33,43,19,1,0
図南荘,3.4,14,53,20,0,0
西武新宿線 井荻駅 3階建 築43年,8,26.33,43,18,1,0
ＪＲ総武線 西荻窪駅 2階建 築27年,4.7,19.11,27,25,0,0
フジビュービレッジ阿佐ヶ谷,6.3,16.7,34,22,0,1
フジビュービレッジ阿佐ヶ谷 304号室,6.2,17.76,34,22,0,1
フジビュービレッジ阿佐ヶ谷 503号室,6.2,16.24,34,22,0,1
